Price,District,Ward,Time,Area
5.5 triệu/tháng, Quận Tây Hồ, Phường Bưởi,15/02/2023, 50m2
3.3 triệu/tháng, Quận Hà Đông, Phường Phú Lương,15/02/2023, 25m2
4.8 triệu/tháng, Quận Hà Đông, Phường Phú Lương,15/02/2023, 40m2
4.8 triệu/tháng, Quận Cầu Giấy, Phường Trung Hòa,15/02/2023, 28m2
3.6 triệu/tháng, Quận Thanh Xuân, Phường Thanh Xuân Nam,15/02/2023, 25m2
3.5 triệu/tháng, Quận Cầu Giấy, Phường Dịch Vọng Hậu,09/02/2023, 15m2
3.5 triệu/tháng, Quận Hoàng Mai, Phường Đại Kim,08/02/2023, 25m2
1.6 triệu/tháng, Quận Hà Đông,Địa chỉ: Phường Mỗ Lao,08/02/2023, 100m2
2 triệu/tháng, Quận Thanh Xuân,Địa chỉ: Phùng Khoang,07/02/2023, 20m2
2.2 triệu/tháng, Quận Hoàng Mai, Phường Đại Kim,07/02/2023, 42m2
4.2 triệu/tháng, Quận Thanh Xuân, Phường Thanh Xuân Nam,07/02/2023, 28m2
4.5 triệu/tháng, Huyện Thanh Trì, Xã Tân Triều,07/02/2023, 27m2
1.5 triệu/tháng, Quận Thanh Xuân, Phường Thanh Xuân Trung,07/02/2023, 15m2
2 triệu/tháng, Quận Long Biên, Phường Thượng Thanh,06/02/2023, 30m2
2.7 triệu/tháng, Quận Long Biên, Phường Long Biên,06/02/2023, 31m2
2 triệu/tháng, Quận Đống Đa, Phường Khương Thượng,06/02/2023, 20m2
3.8 triệu/tháng, Quận Cầu Giấy, Phường Yên Hòa,05/02/2023, 33m2
4.5 triệu/tháng, Quận Đống Đa, Phường Phương Liên,05/02/2023, 30m2
2.5 triệu/tháng, Quận Bắc Từ Liêm, Phường Minh Khai,05/02/2023, 42m2
1.2 triệu/tháng, Quận Thanh Xuân, Phường Thanh Xuân Nam,03/02/2023, 15m2
5 triệu/tháng, Quận Đống Đa, Phường Láng Hạ,02/02/2023, 22m2
4.5 triệu/tháng, Quận Hai Bà Trưng, Phường Lê Đại Hành,02/02/2023, 25m2
2.9 triệu/tháng, Quận Hoàng Mai, Phường Lĩnh Nam,02/02/2023, 25m2
1.3 triệu/tháng, Quận Hai Bà Trưng, Phường Bạch Mai,02/02/2023, 14m2
3.5 triệu/tháng, Quận Hai Bà Trưng, Phường Bạch Mai,02/02/2023, 25m2
5.5 triệu/tháng, Quận Cầu Giấy, Phường Quan Hoa,01/02/2023, 28m2
1.3 triệu/tháng, Quận Bắc Từ Liêm, Phường Cổ Nhuế 1,24/01/2023, 50m2
4 triệu/tháng, Quận Thanh Xuân, Phường Thanh Xuân Nam,17/01/2023, 22m2
3.65 triệu/tháng, Quận Bắc Từ Liêm,Địa chỉ: Phường Phú Diễn,13/01/2023, 25m2
3.45 triệu/tháng, Quận Bắc Từ Liêm, Phường Minh Khai,12/01/2023, 25m2
1.8 triệu/tháng, Quận Hai Bà Trưng, Phường Bách Khoa,11/01/2023, 100m2
3 triệu/tháng, Quận Hoàng Mai, Phường Thanh Trì,09/01/2023, 85m2
6 triệu/tháng, Quận Tây Hồ, Phường Nhật Tân,09/01/2023, 35m2
4.5 triệu/tháng, Quận Tây Hồ, Phường Xuân La,09/01/2023, 35m2
4.5 triệu/tháng, Quận Tây Hồ, Phường Xuân La,09/01/2023, 35m2
3.5 triệu/tháng, Quận Cầu Giấy, Phường Yên Hòa,08/01/2023, 30m2
4.5 triệu/tháng, Huyện Thanh Trì, triều khúc Tân Triều,08/01/2023, 25m2
4 triệu/tháng, Quận Hà Đông,Địa chỉ: Phường Văn Quán,08/01/2023, 25m2
3.5 triệu/tháng, Quận Thanh Xuân, Phường Thanh Xuân Bắc,08/01/2023, 28m2
3.5 triệu/tháng, Quận Hà Đông,Địa chỉ: Phường Nguyễn Trãi,08/01/2023, 25m2
3.65 triệu/tháng, Quận Bắc Từ Liêm,Địa chỉ: Đường Kiều Mai,07/01/2023, 25m2
2.5 triệu/tháng, Quận Bắc Từ Liêm, Phường Phú Diễn,07/01/2023, 30m2
3 triệu/tháng, Quận Hà Đông, Phường Mỗ Lao,07/01/2023, 20m2
2.5 triệu/tháng, Quận Đống Đa, Phường Láng Thượng,05/01/2023, 20m2
3.3 triệu/tháng, Quận Hà Đông, Phường La Khê,05/01/2023, 20m2
3.35 triệu/tháng, Quận Bắc Từ Liêm, Phường Xuân Đỉnh,05/01/2023, 25m2
2.4 triệu/tháng, Quận Hai Bà Trưng, Phường Đồng Tâm,02/01/2023, 18m2
3.3 triệu/tháng, Quận Cầu Giấy, Phường Quan Hoa,31/12/2022, 25m2
3.6 triệu/tháng, Huyện Thanh Trì, Xã Tân Triều,31/12/2022, 30m2
3 triệu/tháng, Quận Hà Đông, Phường Phúc La,30/12/2022, 22m2
3 triệu/tháng, Quận Hoàng Mai, Phường Tương Mai,29/12/2022, 30m2
3.2 triệu/tháng, Quận Bắc Từ Liêm, Phường Phú Diễn,28/12/2022, 35m2
2 triệu/tháng, Quận Cầu Giấy, Phường Quan Hoa,28/12/2022, 25m2
4.2 triệu/tháng, Quận Ba Đình, Phường Giảng Võ,11/12/2022, 30m2
4.5 triệu/tháng, Quận Hoàng Mai, Phường Định Công,06/12/2022, 25m2
2 triệu/tháng, Quận Hai Bà Trưng, Phường Vĩnh Tuy,05/12/2022, 19m2
2.8 triệu/tháng, Quận Tây Hồ, Phường Tứ Liên,05/12/2022, 28m2
4 triệu/tháng, Quận Hoàn Kiếm, Phường Cửa Nam,05/12/2022, 25m2
1.2 triệu/tháng, Quận Long Biên, Phường Đức Giang,05/12/2022, 18m2
1.8 triệu/tháng, Quận Hoàng Mai, Phường Định Công,05/12/2022, 20m2
3 triệu/tháng, Quận Hai Bà Trưng, Phường Vĩnh Tuy,01/12/2022, 27m2
4.2 triệu/tháng, Quận Cầu Giấy, Phường Quan Hoa,29/11/2022, 25m2
2.8 triệu/tháng, Huyện Thanh Trì, Xã Hữu Hoà,29/11/2022, 22m2
3 triệu/tháng, Quận Đống Đa, Phường Phương Mai,28/11/2022, 22m2
2.5 triệu/tháng, Quận Cầu Giấy, Phường Yên Hòa,28/11/2022, 25m2
4 triệu/tháng, Quận Đống Đa, Phường Trung Liệt,01/11/2022, 20m2
1.6 triệu/tháng, Quận Ba Đình, Phường Vĩnh Phúc,01/11/2022, 30m2
2.9 triệu/tháng, Quận Long Biên,Địa chỉ: Phường Việt Hưng,01/11/2022, 38m2
4 triệu/tháng, Quận Đống Đa, Phường Khâm Thiên,01/11/2022, 18m2
2.95 triệu/tháng, Quận Bắc Từ Liêm, Phường Phú Diễn,05/10/2022, 37m2
1.6 triệu/tháng, Quận Nam Từ Liêm, Phường Đại Mỗ,03/10/2022, 33m2
3.5 triệu/tháng, Quận Đống Đa,Địa chỉ: Thái Thịnh,27/09/2022, 30m2
5 triệu/tháng, Quận Cầu Giấy, Phường Mai Dịch,26/09/2022, 20m2
1.25 triệu/tháng, Quận Thanh Xuân, Phường Khương Mai,26/09/2022, 12m2
4 triệu/tháng, Quận Ba Đình, Phường Cống Vị,24/09/2022, 20m2
3.2 triệu/tháng, Quận Thanh Xuân, Phường Khương Mai,20/09/2022, 27m2
4 triệu/tháng, Quận Tây Hồ, Phường Thụy Khuê,18/09/2022, 20m2
4 triệu/tháng, Quận Thanh Xuân, Phường Khương Đình,17/09/2022, 35m2
3 triệu/tháng, Quận Đống Đa, Phường Khương Thượng,16/09/2022, 25m2
2.2 triệu/tháng, Huyện Hoài Đức, Xã An Khánh,16/09/2022, 70m2
2.5 triệu/tháng, Quận Hai Bà Trưng, Phường Quỳnh Lôi,16/09/2022, 14m2
1 triệu/tháng, Quận Hai Bà Trưng, Phường Quỳnh Lôi,12/09/2022, 15m2
5.5 triệu/tháng, Quận Nam Từ Liêm, Phường Mễ Trì,09/09/2022, 35m2
5.5 triệu/tháng, Quận Tây Hồ, Phường Quảng An,08/09/2022, 30m2
4.5 triệu/tháng, Quận Ba Đình, Phường Quán Thánh,01/09/2022, 40m2
3.3 triệu/tháng, Quận Đống Đa, Phường Trung Phụng,22/08/2022, 50m2
2.8 triệu/tháng, Quận Cầu Giấy, Phường Quan Hoa,22/08/2022, 30m2
1.8 triệu/tháng, Quận Hoàng Mai, Phường Hoàng Liệt,19/08/2022, 18m2
2.2 triệu/tháng, Quận Hai Bà Trưng, Phường Thanh Lương,16/08/2022, 16m2
2.2 triệu/tháng, Quận Đống Đa, Phường Trung Liệt,16/08/2022, 16m2
5.2 triệu/tháng, Quận Thanh Xuân, Phường Nhân Chính,16/08/2022, 25m2
3.2 triệu/tháng, Quận Cầu Giấy, Phường Nghĩa Tân,14/08/2022, 20m2
1.6 triệu/tháng, Quận Ba Đình, Phường Vĩnh Phúc,14/08/2022, 15m2
1 triệu/tháng, Quận Long Biên, Phường Sài Đồng,14/08/2022, 15m2
5 triệu/tháng, Quận Ba Đình, Phường Kim Mã,13/08/2022, 39m2
5.8 triệu/tháng, Quận Cầu Giấy, Phường Trung Hòa,13/08/2022, 42m2
4.2 triệu/tháng, Quận Thanh Xuân, Phường Thanh Xuân Trung,13/08/2022, 30m2
3.600 đồng/tháng, Quận Thanh Xuân, Phường Thanh Xuân Trung,13/08/2022, 30m2
4.8 triệu/tháng, Quận Đống Đa, Phường Ngã Tư Sở,13/08/2022, 25m2
5.5 triệu/tháng, Quận Cầu Giấy, Phường Trung Hòa,13/08/2022, 35m2
4.8 triệu/tháng, Quận Đống Đa, Phường Ngã Tư Sở,12/08/2022, 25m2
8 triệu/tháng, Quận Tây Hồ, Phường Bưởi,10/08/2022, 60m2
2.2 triệu/tháng, Quận Đống Đa, Phường Trung Liệt,10/08/2022, 14m2
1.5 triệu/tháng, Quận Ba Đình, Phường Kim Mã,09/08/2022, 12m2
3.5 triệu/tháng, Quận Đống Đa, Phường Trung Liệt,09/08/2022, 21m2
4.6 triệu/tháng, Quận Thanh Xuân, Phường Nhân Chính,08/08/2022, 25m2
1.2 triệu/tháng, Huyện Đông Anh,Địa chỉ: Xã Vân Nội,08/08/2022, 28m2
3.2 triệu/tháng, Quận Hà Đông, Phường Mỗ Lao,15/07/2022, 20m2
3.8 triệu/tháng, Quận Hai Bà Trưng, Phường Quỳnh Lôi,14/07/2022, 40m2
2.2 triệu/tháng, Quận Hoàng Mai, Phường Yên Sở,14/07/2022, 18m2
2.5 triệu/tháng, Quận Tây Hồ, Phường Tứ Liên,14/07/2022, 20m2
3.5 triệu/tháng, Quận Đống Đa, Phường Láng Thượng,14/07/2022, 25m2
4 triệu/tháng, Quận Cầu Giấy, Phường Quan Hoa,12/07/2022, 35m2
4 triệu/tháng, Quận Hà Đông, Phường Nguyễn Trãi,12/07/2022, 40m2
1.35 triệu/tháng, Quận Cầu Giấy, Phường Trung Hòa,11/07/2022, 20m2
1.8 triệu/tháng, Quận Bắc Từ Liêm, Phường Xuân Đỉnh,11/07/2022, 20m2
1.8 triệu/tháng, Quận Thanh Xuân, Phường Khương Đình,08/07/2022, 18m2
5 triệu/tháng, Quận Đống Đa, Phường Thịnh Quang,08/07/2022, 40m2
2.8 triệu/tháng, Quận Nam Từ Liêm,Địa chỉ: Phường Phương Canh,06/07/2022, 20m2
1.3 triệu/tháng, Quận Hai Bà Trưng, Phường Bạch Mai,05/07/2022, 25m2
1.4 triệu/tháng, Quận Cầu Giấy,Địa chỉ: 267 Hồ Tùng Mậu,04/07/2022, 35m2
2.1 triệu/tháng, Quận Thanh Xuân,Địa chỉ: 3/44/262b Nguyễn Trãi,03/07/2022, 15m2
2 triệu/tháng, Quận Hai Bà Trưng, Phường Bạch Đằng,03/07/2022, 22m2
3.5 triệu/tháng, Quận Hoàng Mai, Phường Vĩnh Hưng,02/07/2022, 50m2
4.5 triệu/tháng, Quận Cầu Giấy, Phường Yên Hòa,28/06/2022, 25m2
950.000 đồng/tháng, Quận Nam Từ Liêm, Phường Đại Mỗ,27/06/2022, 22m2
3.5 triệu/tháng, Quận Ba Đình, Phường Kim Mã,27/06/2022, 32m2
2.5 triệu/tháng, Quận Hoàng Mai, Phường Tân Mai,25/06/2022, 20m2
2 triệu/tháng, Quận Hai Bà Trưng, Phường Vĩnh Tuy,24/06/2022, 20m2
2.5 triệu/tháng, Quận Đống Đa, Phường Thịnh Quang,24/06/2022, 15m2
2.6 triệu/tháng, Quận Hai Bà Trưng, Phường Minh Khai,24/06/2022, 20m2
2.5 triệu/tháng, Quận Nam Từ Liêm,Địa chỉ: Phường Trung Văn,23/06/2022, 15m2
1.2 triệu/tháng, Quận Hoàng Mai, Phường Tương Mai,21/06/2022, 12m2
1.1 triệu/tháng, Quận Hoàng Mai, Phường Hoàng Văn Thụ,21/06/2022, 18m2
2.9 triệu/tháng, Quận Hai Bà Trưng, Phường Minh Khai,19/06/2022, 30m2
3.3 triệu/tháng, Quận Hai Bà Trưng, Phường Vĩnh Tuy,19/06/2022, 40m2
2.5 triệu/tháng, Quận Hai Bà Trưng, Phường Minh Khai,19/06/2022, 20m2
2.5 triệu/tháng, Quận Nam Từ Liêm, Phường Phú Đô,19/06/2022, 25m2
4 triệu/tháng, Quận Long Biên, Phường Bồ Đề,18/06/2022, 30m2
2 triệu/tháng, Quận Đống Đa, Phường Trung Phụng,17/06/2022, 15m2
2 triệu/tháng, Quận Nam Từ Liêm, Phường Phú Đô,17/06/2022, 19m2
4.2 triệu/tháng, Quận Thanh Xuân, Phường Thanh Xuân Bắc,16/06/2022, 27m2
3.9 triệu/tháng, Quận Bắc Từ Liêm, Phường Cổ Nhuế 2,16/06/2022, 70m2
4 triệu/tháng, Quận Nam Từ Liêm, Phường Mễ Trì,16/06/2022, 28m2
3.6 triệu/tháng, Huyện Thanh Trì,Địa chỉ: Xã Tân Triều,15/06/2022, 20m2
300.000 đồng/tháng, Quận Hoàng Mai, Phường Tương Mai,13/06/2022, 40m2
2.5 triệu/tháng, Quận Hoàng Mai, Phường Hoàng Liệt,09/06/2022, 25m2
3.2 triệu/tháng, Quận Cầu Giấy, Phường Dịch Vọng,08/06/2022, 16m2
2.6 triệu/tháng, Quận Cầu Giấy, Phường Nghĩa Đô,08/06/2022, 20m2
3 triệu/tháng, Quận Tây Hồ, Phường Bưởi,08/06/2022, 18m2
3 triệu/tháng, Quận Tây Hồ, Phường Nhật Tân,08/06/2022, 20m2
2.5 triệu/tháng, Quận Long Biên, Phường Giang Biên,06/06/2022, 40m2
4.2 triệu/tháng, Quận Tây Hồ, Phường Nhật Tân,06/06/2022, 28m2
6.5 triệu/tháng, Quận Hoàn Kiếm, Phường Hàng Trống,05/06/2022, 20m2
3.6 triệu/tháng, Quận Nam Từ Liêm, Phường Mễ Trì,05/06/2022, 25m2
2.6 triệu/tháng, Quận Thanh Xuân, Phường Khương Mai,04/06/2022, 20m2
3.3 triệu/tháng, Quận Bắc Từ Liêm,Địa chỉ: Phường Xuân Đỉnh,04/06/2022, 25m2
4.5 triệu/tháng, Quận Nam Từ Liêm, Phường Mễ Trì,01/06/2022, 25m2
3.8 triệu/tháng, Quận Đống Đa, Phường Láng Thượng,01/06/2022, 30m2
3 triệu/tháng, Quận Tây Hồ, Phường Nhật Tân,28/05/2022, 25m2
1.3 triệu/tháng, Quận Hai Bà Trưng, Phường Bách Khoa,27/05/2022, 20m2
3.3 triệu/tháng, Quận Cầu Giấy, Phường Yên Hòa,23/05/2022, 20m2
3.2 triệu/tháng, Quận Cầu Giấy, Phường Yên Hòa,19/05/2022, 20m2
3.5 triệu/tháng, Quận Hoàng Mai, Phường Hoàng Liệt,19/05/2022, 30m2
3.8 triệu/tháng, Quận Cầu Giấy, Phường Dịch Vọng Hậu,18/05/2022, 20m2
1.6 triệu/tháng, Quận Hà Đông,Địa chỉ: Phường Phú La,17/05/2022, 15m2
1.8 triệu/tháng, Quận Ba Đình, Phường Thành Công,17/05/2022, 12m2
3.6 triệu/tháng, Quận Cầu Giấy, Phường Trung Hòa,17/05/2022, 30m2
3.3 triệu/tháng, Quận Cầu Giấy, Phường Yên Hòa,16/05/2022, 20m2
1.2 triệu/tháng, Quận Tây Hồ, Phường Phú Thượng,16/05/2022, 18m2
1.6 triệu/tháng, Huyện Thanh Trì, Xã Tam Hiệp,14/05/2022, 22m2
3.7 triệu/tháng, Quận Hà Đông, Phường Văn Quán,14/05/2022, 22m2
1 triệu/tháng, Quận Ba Đình, Phường Ngọc Hà,14/05/2022, 15m2
4.7 triệu/tháng, Quận Nam Từ Liêm, Phường Mễ Trì,13/05/2022, 35m2
3 triệu/tháng, Quận Đống Đa, Phường Ô Chợ Dừa,13/05/2022, 16m2
2.5 triệu/tháng, Quận Cầu Giấy, Phường Quan Hoa,13/05/2022, 18m2
2.5 triệu/tháng, Quận Ba Đình, Phường Vĩnh Phúc,12/05/2022, 20m2
3 triệu/tháng, Quận Thanh Xuân, Phường Thanh Xuân Bắc,11/05/2022, 35m2
3 triệu/tháng, Quận Ba Đình, Phường Ngọc Hà,11/05/2022, 35m2
2.9 triệu/tháng, Quận Hoàn Kiếm, Phường Chương Dương Độ,10/05/2022, 39m2
3.7 triệu/tháng, Quận Hoàn Kiếm, Phường Chương Dương Độ,10/05/2022, 40m2
700.000 đồng/tháng, Quận Hà Đông, Phường Phú Lương,10/05/2022, 13m2
2.5 triệu/tháng, Quận Hoàng Mai, Phường Định Công,09/05/2022, 27m2
1.5 triệu/tháng, Quận Hoàng Mai, Phường Giáp Bát,08/05/2022, 15m2
5.2 triệu/tháng, Quận Ba Đình, Phường Ngọc Hà,07/05/2022, 32m2
3.5 triệu/tháng, Quận Tây Hồ, Phường Phú Thượng,06/05/2022, 60m2
1.5 triệu/tháng, Quận Hoàng Mai, Phường Thanh Trì,05/05/2022, 100m2
3.7 triệu/tháng, Quận Hoàn Kiếm, Phường Trần Hưng Đạo,05/05/2022, 15m2
2.2 triệu/tháng, Huyện Hoài Đức,Địa chỉ: Xã An Khánh,04/05/2022, 60m2
1.2 triệu/tháng, Quận Cầu Giấy, Phường Nghĩa Tân,30/04/2022, 10m2
2.5 triệu/tháng, Quận Hai Bà Trưng, Phường Nguyễn Du,29/04/2022, 18m2
2.5 triệu/tháng, Huyện Đông Anh,Địa chỉ: Thị trấn Đông Anh,29/04/2022, 60m2
2.5 triệu/tháng, Quận Thanh Xuân, Phường Phương Liệt,28/04/2022, 25m2
4.5 triệu/tháng, Quận Hai Bà Trưng, Phường Thanh Nhàn,26/04/2022, 50m2
1 triệu/tháng, Quận Hoàng Mai, Phường Yên Sở,26/04/2022, 18m2
4 triệu/tháng, Quận Đống Đa, Phường Láng Thượng,26/04/2022, 35m2
2.2 triệu/tháng, Quận Nam Từ Liêm, Phường Phú Đô,23/04/2022, 25m2
4.7 triệu/tháng, Quận Thanh Xuân, Phường Nhân Chính,23/04/2022, 25m2
5.8 triệu/tháng, Quận Cầu Giấy, Phường Trung Hòa,23/04/2022, 40m2
1.5 triệu/tháng, Quận Thanh Xuân, Phường Khương Mai,23/04/2022, 12m2
1.8 triệu/tháng, Quận Hà Đông,Địa chỉ: Phường Văn Quán,21/04/2022, 20m2
2.7 triệu/tháng, Huyện Thanh Trì, Xã Tân Triều,20/04/2022, 35m2
2 triệu/tháng, Quận Hai Bà Trưng, Phường Quỳnh Lôi,19/04/2022, 12m2
1 triệu/tháng, Huyện Hoài Đức, Xã Vân Canh,19/04/2022, 27m2
750.000 đồng/tháng, Huyện Đông Anh,Địa chỉ: Xã Kim Chung,18/04/2022, 12m2
4.2 triệu/tháng, Quận Ba Đình, Phường Đội Cấn,18/04/2022, 30m2
2.8 triệu/tháng, Quận Hà Đông, Phường Văn Quán,18/04/2022, 20m2
1.4 triệu/tháng, Huyện Thanh Trì, Xã Ngũ Hiệp,17/04/2022, 14m2
1 triệu/tháng, Quận Hai Bà Trưng, Phường Minh Khai,16/04/2022, 20m2
2.3 triệu/tháng, Quận Cầu Giấy, Phường Quan Hoa,16/04/2022, 25m2
4.2 triệu/tháng, Quận Đống Đa, Phường Trung Phụng,14/04/2022, 36m2
3.8 triệu/tháng, Quận Bắc Từ Liêm, Phường Phúc Diễn,14/04/2022, 25m2
1 triệu/tháng, Quận Cầu Giấy, Phường Mai Dịch,14/04/2022, 13m2
1.5 triệu/tháng, Quận Hoàng Mai, Phường Lĩnh Nam,13/04/2022, 15m2
2.2 triệu/tháng, Quận Nam Từ Liêm, Phường Mễ Trì,13/04/2022, 20m2
3 triệu/tháng, Huyện Hoài Đức, Xã Kim Chung,11/04/2022, 50m2
3.5 triệu/tháng, Quận Tây Hồ, Phường Bưởi,09/04/2022, 25m2
3 triệu/tháng, Quận Hoàng Mai, Phường Định Công,08/04/2022, 24m2
2.2 triệu/tháng, Huyện Thanh Trì, Xã Hữu Hoà,23/03/2022, 45m2
2 triệu/tháng, Quận Ba Đình, Phường Vĩnh Phúc,23/03/2022, 20m2
2 triệu/tháng, Quận Hai Bà Trưng, Phường Thanh Lương,23/03/2022, 13m2
1.3 triệu/tháng, Quận Nam Từ Liêm, Phường Mỹ Đình 2,22/03/2022, 16m2
3 triệu/tháng, Quận Đống Đa, Phường Khương Thượng,22/03/2022, 25m2
3 triệu/tháng, Quận Hai Bà Trưng, Phường Thanh Lương,04/03/2022, 22m2
2.5 triệu/tháng, Huyện Thanh Trì, Xã Hữu Hoà,24/02/2022, 45m2
2.6 triệu/tháng, Quận Hà Đông, Phường Nguyễn Trãi,22/02/2022, 35m2
2.7 triệu/tháng, Quận Hai Bà Trưng,Địa chỉ: Phường Minh Khai,22/02/2022, 20m2
5 triệu/tháng, Quận Cầu Giấy, Phường Trung Hòa,22/02/2022, 35m2
2.7 triệu/tháng, Quận Tây Hồ, Phường Bưởi,21/02/2022, 18m2
2.7 triệu/tháng, Quận Hai Bà Trưng, Phường Thanh Lương,21/02/2022, 35m2
4.5 triệu/tháng, Quận Hoàng Mai,Địa chỉ: Phường Định Công,20/02/2022, 25m2
1 triệu/tháng, Quận Hai Bà Trưng, Phường Minh Khai,19/02/2022, 14m2
1.7 triệu/tháng, Quận Cầu Giấy, Phường Quan Hoa,19/02/2022, 12m2
2.8 triệu/tháng, Quận Đống Đa, Phường Láng Thượng,19/02/2022, 25m2
1.5 triệu/tháng, Quận Cầu Giấy, Phường Dịch Vọng Hậu,19/02/2022, 10m2
2 triệu/tháng, Quận Tây Hồ, Phường Tứ Liên,19/02/2022, 30m2
2.5 triệu/tháng, Quận Hà Đông, Phường Dương Nội,19/02/2022, 20m2
3 triệu/tháng, Quận Cầu Giấy, Phường Mai Dịch,18/02/2022, 15m2
3 triệu/tháng, Quận Cầu Giấy, Phường Nghĩa Đô,17/02/2022, 25m2
1 triệu/tháng, Quận Bắc Từ Liêm, Phường Đông Ngạc,16/02/2022, 14m2
2 triệu/tháng, Huyện Gia Lâm, Thị trấn Yên Viên,16/02/2022, 35m2
1.6 triệu/tháng, Quận Hoàng Mai, Phường Thịnh Liệt,16/02/2022, 15m2
1.5 triệu/tháng, Quận Hà Đông, Phường La Khê,16/02/2022, 20m2
2.2 triệu/tháng, Quận Thanh Xuân, Phường Thanh Xuân Trung,15/02/2022, 15m2
1.8 triệu/tháng, Quận Đống Đa, Phường Láng Thượng,15/02/2022, 18m2
1.8 triệu/tháng, Quận Nam Từ Liêm, Phường Mỹ Đình 1,15/02/2022, 25m2
1.4 triệu/tháng, Quận Thanh Xuân, Phường Hạ Đình,15/02/2022, 16m2
1.2 triệu/tháng, Quận Tây Hồ, Phường Phú Thượng,14/02/2022, 18m2
1.5 triệu/tháng, Quận Hoàng Mai, Phường Hoàng Liệt,14/02/2022, 18m2
3.7 triệu/tháng, Quận Hà Đông, Phường Mỗ Lao,14/02/2022, 15.25m2
2.8 triệu/tháng, Quận Hà Đông, Phường Phúc La,14/02/2022, 25m2
3.5 triệu/tháng, Quận Hà Đông, Phường Phúc La,14/02/2022, 25m2
2.3 triệu/tháng, Quận Thanh Xuân, Phường Phương Liệt,14/02/2022, 30m2
1.9 triệu/tháng, Quận Hà Đông, Phường Mỗ Lao,13/02/2022, 15m2
1.8 triệu/tháng, Quận Hoàng Mai, Phường Hoàng Liệt,13/02/2022, 24m2
1.3 triệu/tháng, Quận Hai Bà Trưng, Phường Đồng Tâm,12/02/2022, 15m2
1.2 triệu/tháng, Quận Cầu Giấy, Phường Yên Hòa,12/02/2022, 15m2
2 triệu/tháng, Quận Hai Bà Trưng, Phường Vĩnh Tuy,12/02/2022, 15m2
2 triệu/tháng, Quận Hoàng Mai, Phường Đại Kim,12/02/2022, 20m2
3.2 triệu/tháng, Quận Bắc Từ Liêm, Phường Xuân Đỉnh,11/02/2022, 30m2
2.7 triệu/tháng, Quận Cầu Giấy, Phường Nghĩa Đô,11/02/2022, 22m2
4 triệu/tháng, Quận Ba Đình, Phường Liễu Giai,11/02/2022, 25m2
2 triệu/tháng, Quận Hoàng Mai, Phường Yên Sở,11/02/2022, 22m2
2 triệu/tháng, Quận Hoàng Mai, Phường Hoàng Văn Thụ,11/02/2022, 20m2
2.8 triệu/tháng, Quận Cầu Giấy, Phường Quan Hoa,11/02/2022, 30m2
3.5 triệu/tháng, Quận Ba Đình, Phường Ngọc Khánh,11/02/2022, 25m2
2.5 triệu/tháng, Quận Cầu Giấy, Phường Trung Hòa,11/02/2022, 30m2
1.5 triệu/tháng, Quận Bắc Từ Liêm, Phường Cổ Nhuế 2,10/02/2022, 15m2
3.7 triệu/tháng, Quận Thanh Xuân,Địa chỉ: Ngõ 69a Đường Hoàng Văn Thái,10/02/2022, 37m2
2.2 triệu/tháng, Quận Nam Từ Liêm, Phường Cầu Diễn,10/02/2022, 23m2
3.4 triệu/tháng, Quận Hà Đông, Phường Phúc La,10/02/2022, 25m2
3.2 triệu/tháng, Quận Hà Đông, Phường Văn Quán,10/02/2022, 23m2
3.2 triệu/tháng, Quận Hà Đông, Phường Vạn Phúc,10/02/2022, 25m2
3.4 triệu/tháng, Quận Hà Đông, Phường Mỗ Lao,10/02/2022, 25m2
2.6 triệu/tháng, Quận Hà Đông, Phường Phúc La,10/02/2022, 20m2
3.4 triệu/tháng, Quận Hà Đông, Phường Phúc La,10/02/2022, 25m2
3.3 triệu/tháng, Quận Thanh Xuân, Phường Khương Đình,10/02/2022, 25m2
2.7 triệu/tháng, Quận Hà Đông, Phường Văn Quán,10/02/2022, 20m2
4.8 triệu/tháng, Quận Cầu Giấy, Phường Trung Hòa,10/02/2022, 35m2
3.5 triệu/tháng, Quận Thanh Xuân, Phường Thanh Xuân Trung,10/02/2022, 25m2
3.2 triệu/tháng, Quận Thanh Xuân, Phường Thanh Xuân Nam,10/02/2022, 25m2
5.2 triệu/tháng, Quận Cầu Giấy, Phường Trung Hòa,10/02/2022, 40m2
3.2 triệu/tháng, Huyện Thanh Trì, Xã Tân Triều,10/02/2022, 25m2
2.5 triệu/tháng, Quận Nam Từ Liêm,Địa chỉ: Phường Mỹ Đình 2,09/02/2022, 25m2
3.5 triệu/tháng, Quận Hoàng Mai, Phường Đại Kim,09/02/2022, 30m2
2.5 triệu/tháng, Quận Thanh Xuân, Phường Khương Trung,09/02/2022, 30m2
2.5 triệu/tháng, Quận Hai Bà Trưng, Phường Trương Định,09/02/2022, 20m2
1 triệu/tháng, Quận Hai Bà Trưng, Phường Trương Định,09/02/2022, 30m2
2.5 triệu/tháng, Quận Hai Bà Trưng, Phường Nguyễn Du,08/02/2022, 18m2
1.6 triệu/tháng, Quận Bắc Từ Liêm, Phường Cổ Nhuế 1,08/02/2022, 16m2
2.8 triệu/tháng, Quận Nam Từ Liêm, Phường Trung Văn,08/02/2022, 23m2
2.8 triệu/tháng, Quận Cầu Giấy, Phường Quan Hoa,08/02/2022, 25m2
4.2 triệu/tháng, Quận Nam Từ Liêm, Phường Mễ Trì,05/02/2022, 35m2
4.3 triệu/tháng, Quận Nam Từ Liêm, Phường Mễ Trì,05/02/2022, 40m2
4.2 triệu/tháng, Quận Nam Từ Liêm, Phường Mễ Trì,05/02/2022, 35m2
4 triệu/tháng, Quận Nam Từ Liêm, Phường Mễ Trì,05/02/2022, 30m2
3.3 triệu/tháng, Quận Cầu Giấy, Phường Trung Hòa,05/02/2022, 25m2
3 triệu/tháng, Quận Cầu Giấy, Phường Trung Hòa,05/02/2022, 20m2
2.7 triệu/tháng, Quận Bắc Từ Liêm, Phường Phúc Diễn,18/01/2022, 30m2
3.2 triệu/tháng, Quận Thanh Xuân, Phường Thanh Xuân Bắc,18/01/2022, 30m2
3 triệu/tháng, Quận Nam Từ Liêm, Phường Trung Văn,14/01/2022, 25m2
3 triệu/tháng, Quận Bắc Từ Liêm, Phường Phú Diễn,14/01/2022, 30m2
3.3 triệu/tháng, Quận Hà Đông, Phường Văn Quán,13/01/2022, 25m2
3.8 triệu/tháng, Quận Nam Từ Liêm, Phường Mỹ Đình 1,27/12/2021, 50m2
2.5 triệu/tháng, Quận Tây Hồ, Phường Tứ Liên,27/12/2021, 16m2
2 triệu/tháng, Quận Đống Đa, Phường Láng Thượng,27/12/2021, 12m2
1.8 triệu/tháng, Quận Đống Đa, Phường Nam Đồng,27/12/2021, 15m2
4.5 triệu/tháng, Quận Thanh Xuân, Phường Nhân Chính,27/12/2021, 25m2
1.6 triệu/tháng, Quận Long Biên, Phường Ngọc Thụy,26/12/2021, 27m2
4 triệu/tháng, Quận Tây Hồ, Phường Quảng An,26/12/2021, 35m2
2.8 triệu/tháng, Quận Cầu Giấy, Phường Dịch Vọng Hậu,25/12/2021, 28m2
1.8 triệu/tháng, Quận Hà Đông, Phường Mỗ Lao,20/12/2021, 22m2
2.5 triệu/tháng, Quận Hoàng Mai,Địa chỉ: Phường Định Công,20/12/2021, 30m2
3.5 triệu/tháng, Quận Thanh Xuân, Phường Thanh Xuân Nam,13/12/2021, 25m2
4 triệu/tháng, Quận Đống Đa, Phường Thịnh Quang,13/12/2021, 25m2
3.5 triệu/tháng, Quận Hà Đông, Phường Phúc La,13/12/2021, 25m2
2.8 triệu/tháng, Quận Hà Đông,Địa chỉ: Phường Mỗ Lao,07/12/2021, 22m2
1.8 triệu/tháng, Quận Tây Hồ, Phường Xuân La,07/12/2021, 16m2
4 triệu/tháng, Quận Đống Đa, Phường Thịnh Quang,07/12/2021, 20m2
3.3 triệu/tháng, Quận Nam Từ Liêm, Phường Mễ Trì,02/12/2021, 30m2
3.3 triệu/tháng, Quận Nam Từ Liêm, Phường Mễ Trì,02/12/2021, 30m2
1 triệu/tháng, Quận Hoàng Mai, Phường Lĩnh Nam,01/12/2021, 15m2
1.3 triệu/tháng, Quận Bắc Từ Liêm, Phường Cổ Nhuế 1,01/12/2021, 14m2
3 triệu/tháng, Quận Đống Đa, Phường Láng Hạ,30/11/2021, 20m2
3.5 triệu/tháng, Quận Đống Đa, Phường Láng Hạ,25/11/2021, 25m2
4.8 triệu/tháng, Quận Thanh Xuân, Phường Thanh Xuân Nam,25/11/2021, 40m2
3.6 triệu/tháng, Quận Đống Đa, Phường Thịnh Quang,25/11/2021, 25m2
2 triệu/tháng, Quận Cầu Giấy, Phường Quan Hoa,25/11/2021, 20m2
2.9 triệu/tháng, Quận Hoàng Mai, Phường Định Công,24/11/2021, 40m2
4.5 triệu/tháng, Quận Cầu Giấy, Phường Mai Dịch,24/11/2021, 28m2
2 triệu/tháng, Huyện Thanh Trì, Thị trấn Văn Điển,24/11/2021, 22m2
5 triệu/tháng, Quận Cầu Giấy, Phường Dịch Vọng,23/11/2021, 30m2
5.3 triệu/tháng, Quận Cầu Giấy, Phường Dịch Vọng Hậu,23/11/2021, 30m2
3 triệu/tháng, Quận Cầu Giấy, Phường Yên Hòa,23/11/2021, 25m2
2.3 triệu/tháng, Quận Hà Đông, Phường Văn Quán,23/11/2021, 15m2
3 triệu/tháng, Quận Hai Bà Trưng, Phường Thanh Lương,23/11/2021, 40m2
3.7 triệu/tháng, Quận Thanh Xuân, Phường Thanh Xuân Nam,22/11/2021, 35m2
2.5 triệu/tháng, Quận Tây Hồ, Phường Xuân La,22/11/2021, 17m2
3.5 triệu/tháng, Quận Tây Hồ, Phường Bưởi,22/11/2021, 25m2
2.5 triệu/tháng, Quận Hoàng Mai, Phường Hoàng Văn Thụ,22/11/2021, 20m2
3 triệu/tháng, Quận Cầu Giấy, Phường Quan Hoa,22/11/2021, 25m2
1.6 triệu/tháng, Quận Nam Từ Liêm, Phường Mỹ Đình 2,21/11/2021, 38m2
3 triệu/tháng, Quận Hoàng Mai, Phường Hoàng Liệt,21/11/2021, 25m2
1.5 triệu/tháng, Quận Bắc Từ Liêm, Phường Xuân Đỉnh,20/11/2021, 20m2
3.4 triệu/tháng, Quận Đống Đa, Phường Khâm Thiên,20/11/2021, 35m2
2.3 triệu/tháng, Quận Nam Từ Liêm, Phường Trung Văn,20/11/2021, 35m2
2.8 triệu/tháng, Quận Bắc Từ Liêm, Phường Xuân Đỉnh,20/11/2021, 28m2
3.2 triệu/tháng, Quận Bắc Từ Liêm, Phường Phú Diễn,20/11/2021, 25m2
3 triệu/tháng, Quận Tây Hồ, Phường Yên Phụ,20/11/2021, 30m2
3.7 triệu/tháng, Quận Thanh Xuân, Phường Khương Mai,19/11/2021, 40m2
1.5 triệu/tháng, Quận Thanh Xuân, Phường Thanh Xuân Nam,18/11/2021, 14m2
2.2 triệu/tháng, Quận Ba Đình, Phường Cống Vị,18/11/2021, 18m2
1.5 triệu/tháng, Quận Bắc Từ Liêm, Phường Cổ Nhuế 2,18/11/2021, 20m2
1.8 triệu/tháng, Quận Đống Đa, Phường Láng Thượng,17/11/2021, 18m2
4.3 triệu/tháng, Quận Cầu Giấy, Phường Dịch Vọng,17/11/2021, 25m2
4 triệu/tháng, Quận Hà Đông, Phường Mỗ Lao,17/11/2021, 35m2
3.5 triệu/tháng, Quận Bắc Từ Liêm, Phường Phú Diễn,15/11/2021, 25m2
1.4 triệu/tháng, Quận Nam Từ Liêm, Phường Mỹ Đình 2,15/11/2021, 20m2
800.000 đồng/tháng, Quận Ba Đình, Phường Cống Vị,15/11/2021, 18m2
1 triệu/tháng, Quận Đống Đa, Phường Ô Chợ Dừa,14/11/2021, 9m2
2.2 triệu/tháng, Quận Đống Đa, Phường Láng Thượng,14/11/2021, 15m2
3 triệu/tháng, Quận Đống Đa, Phường Khương Thượng,12/11/2021, 30m2
1.6 triệu/tháng, Quận Ba Đình, Phường Ngọc Hà,11/11/2021, 20m2
3.2 triệu/tháng, Quận Cầu Giấy, Phường Yên Hòa,10/11/2021, 20m2
1.5 triệu/tháng, Quận Hai Bà Trưng, Phường Quỳnh Lôi,10/11/2021, 15m2
1.5 triệu/tháng, Quận Tây Hồ, Phường Yên Phụ,10/11/2021, 15m2
4.5 triệu/tháng, Quận Cầu Giấy, Phường Yên Hòa,10/11/2021, 45m2
3 triệu/tháng, Quận Cầu Giấy, Phường Mai Dịch,10/11/2021, 22m2
2.5 triệu/tháng, Quận Đống Đa, Phường Láng Thượng,09/11/2021, 22m2
1.5 triệu/tháng, Quận Hoàng Mai, Phường Vĩnh Hưng,09/11/2021, 15m2
4.5 triệu/tháng, Quận Đống Đa, Phường Trung Liệt,31/10/2021, 60m2
3.1 triệu/tháng, Huyện Thanh Trì, Xã Tân Triều,31/10/2021, 24m2
2.1 triệu/tháng, Quận Hà Đông, Phường Kiến Hưng,30/10/2021, 18m2
2.1 triệu/tháng, Quận Thanh Xuân, Phường Khương Mai,29/10/2021, 18m2
3 triệu/tháng, Quận Hà Đông, Phường Mỗ Lao,22/10/2021, 20m2
3.5 triệu/tháng, Quận Cầu Giấy,Địa chỉ: 3 Đường Cầu vượt Mai Dịch,21/10/2021, 25m2
2 triệu/tháng, Quận Hai Bà Trưng, Phường Minh Khai,21/10/2021, 18m2
2.5 triệu/tháng, Quận Cầu Giấy, Phường Yên Hòa,21/10/2021, 20m2
1.4 triệu/tháng, Quận Cầu Giấy, Phường Mai Dịch,21/10/2021, 40m2
2.5 triệu/tháng, Quận Thanh Xuân, Phường Khương Đình,20/10/2021, 25m2
3.1 triệu/tháng, Quận Hà Đông, Phường Mỗ Lao,20/10/2021, 24m2
2.5 triệu/tháng, Quận Bắc Từ Liêm, Phường Cổ Nhuế 1,19/10/2021, 18m2
1 triệu/tháng, Quận Hai Bà Trưng, Phường Minh Khai,19/10/2021, 15m2
4.8 triệu/tháng, Quận Hoàng Mai, Phường Đại Kim,18/10/2021, 30m2
2.6 triệu/tháng, Quận Cầu Giấy, Phường Quan Hoa,18/10/2021, 28m2
3 triệu/tháng, Quận Nam Từ Liêm,Địa chỉ: Phường Mỹ Đình 2,17/10/2021, 25m2
1 triệu/tháng, Quận Hoàn Kiếm, Phường Phúc Tân,17/10/2021, 30m2
2.8 triệu/tháng, Quận Thanh Xuân, Phường Nhân Chính,17/10/2021, 20m2
3.4 triệu/tháng, Quận Hà Đông, Phường Mỗ Lao,17/10/2021, 32m2
950.000 đồng/tháng, Quận Cầu Giấy, Phường Dịch Vọng Hậu,15/10/2021, 20m2
3.1 triệu/tháng, Huyện Thanh Trì, Xã Tân Triều,15/10/2021, 25m2
1.5 triệu/tháng, Huyện Thanh Trì, Xã Ngọc Hồi,15/10/2021, 30m2
2.3 triệu/tháng, Quận Hà Đông, Phường Văn Quán,15/10/2021, 15m2
4 triệu/tháng, Quận Thanh Xuân, Phường Nhân Chính,15/10/2021, 25m2
2.5 triệu/tháng, Quận Hà Đông, Phường Văn Quán,09/10/2021, 25m2
3.7 triệu/tháng, Quận Hà Đông, Phường Mỗ Lao,09/10/2021, 35m2
2.9 triệu/tháng, Quận Nam Từ Liêm, Phường Mễ Trì,09/10/2021, 25m2
3.5 triệu/tháng, Quận Nam Từ Liêm,Địa chỉ: Phường Trung Văn,09/10/2021, 30m2
4 triệu/tháng, Quận Thanh Xuân, Phường Thượng Đình,08/10/2021, 25m2
1.5 triệu/tháng, Quận Bắc Từ Liêm,Địa chỉ: Phường Xuân Đỉnh,08/10/2021, 15m2
3.2 triệu/tháng, Quận Thanh Xuân, Phường Nhân Chính,01/10/2021, 25m2
2.5 triệu/tháng, Quận Đống Đa, Phường Cát Linh,30/09/2021, 25m2
2.3 triệu/tháng, Quận Hoàng Mai, Phường Đại Kim,30/09/2021, 25m2
2 triệu/tháng, Quận Đống Đa, Phường Láng Hạ,30/09/2021, 20m2
1.6 triệu/tháng, Quận Bắc Từ Liêm, Phường Đông Ngạc,29/09/2021, 22m2
4 triệu/tháng, Quận Hoàn Kiếm, Phường Trần Hưng Đạo,29/09/2021, 40m2
4 triệu/tháng, Quận Nam Từ Liêm, Phường Mỹ Đình 1,29/09/2021, 40m2
1.6 triệu/tháng, Quận Cầu Giấy, Phường Mai Dịch,28/09/2021, 15m2
6.9 triệu/tháng, Quận Hoàn Kiếm, Phường Hàng Trống,27/09/2021, 20m2
2.5 triệu/tháng, Quận Đống Đa, Phường Ô Chợ Dừa,27/09/2021, 12m2
3.3 triệu/tháng, Quận Đống Đa, Phường Ô Chợ Dừa,27/09/2021, 24m2
2.3 triệu/tháng, Huyện Thanh Trì, Xã Thanh Liệt,27/09/2021, 18m2
2.2 triệu/tháng, Quận Nam Từ Liêm,Địa chỉ: Phường Mễ Trì,26/09/2021, 23m2
2.8 triệu/tháng, Quận Cầu Giấy, Phường Yên Hòa,26/09/2021, 20m2
3.4 triệu/tháng, Quận Hà Đông, Phường Nguyễn Trãi,25/09/2021, 25m2
3.2 triệu/tháng, Quận Hà Đông, Phường Mỗ Lao,25/09/2021, 25m2
1.5 triệu/tháng, Quận Ba Đình, Phường Điện Biên,25/09/2021, 15m2
1.8 triệu/tháng, Quận Nam Từ Liêm, Phường Mỹ Đình 2,25/09/2021, 18m2
5 triệu/tháng, Quận Thanh Xuân, Phường Thanh Xuân Trung,24/09/2021, 45m2
4 triệu/tháng, Quận Nam Từ Liêm, Phường Mễ Trì,23/09/2021, 35m2
2 triệu/tháng, Quận Đống Đa, Phường Ô Chợ Dừa,23/09/2021, 15m2
3.8 triệu/tháng, Quận Nam Từ Liêm, Phường Mỹ Đình 2,23/09/2021, 30m2
2.4 triệu/tháng, Quận Ba Đình, Phường Giảng Võ,22/09/2021, 18m2
3 triệu/tháng, Quận Cầu Giấy, Phường Yên Hòa,22/09/2021, 20m2
2.3 triệu/tháng, Huyện Thanh Trì, Xã Tân Triều,21/09/2021, 25m2
2 triệu/tháng, Quận Cầu Giấy, Phường Dịch Vọng Hậu,18/09/2021, 25m2
1.8 triệu/tháng, Quận Hoàng Mai, Phường Trần Phú,18/09/2021, 20m2
3 triệu/tháng, Quận Ba Đình, Phường Cống Vị,13/09/2021, 30m2
4 triệu/tháng, Quận Nam Từ Liêm, Phường Mỹ Đình 2,09/09/2021, 25m2
3.5 triệu/tháng, Quận Hà Đông, Phường Nguyễn Trãi,07/09/2021, 35m2
3 triệu/tháng, Quận Đống Đa, Phường Nam Đồng,06/09/2021, 25m2
3.3 triệu/tháng, Quận Nam Từ Liêm, Phường Mễ Trì,05/09/2021, 30m2
2.5 triệu/tháng, Quận Bắc Từ Liêm, Phường Xuân Đỉnh,31/08/2021, 33m2
3 triệu/tháng, Quận Hai Bà Trưng,Địa chỉ: Phường Vĩnh Tuy,30/08/2021, 40m2
2.4 triệu/tháng, Quận Cầu Giấy, Phường Trung Hòa,24/08/2021, 30m2
3.3 triệu/tháng, Quận Hà Đông, Phường Mỗ Lao,23/08/2021, 25m2
3.4 triệu/tháng, Huyện Thanh Trì, Xã Tân Triều,19/08/2021, 25m2
2.7 triệu/tháng, Quận Tây Hồ, Phường Tứ Liên,13/08/2021, 25m2
Thỏa thuận, Quận Bắc Từ Liêm, Phường Phú Diễn,31/07/2021, 32m2
1.9 triệu/tháng, Quận Hoàng Mai, Phường Vĩnh Hưng,28/07/2021, 25m2
2.7 triệu/tháng, Quận Long Biên, Phường Ngọc Thụy,27/07/2021, 27m2
2.1 triệu/tháng, Quận Hà Đông, Phường Văn Quán,27/07/2021, 15m2
3 triệu/tháng, Quận Cầu Giấy,Địa chỉ: Ngõ 26 Trần Thái Tông,26/07/2021, 20m2
3.8 triệu/tháng, Quận Bắc Từ Liêm, Phường Xuân Đỉnh,26/07/2021, 30m2
3.8 triệu/tháng, Quận Tây Hồ, Phường Xuân La,26/07/2021, 30m2
3.8 triệu/tháng, Quận Bắc Từ Liêm, Phường Cổ Nhuế 1,26/07/2021, 30m2
3.8 triệu/tháng, Quận Bắc Từ Liêm, Phường Xuân Đỉnh,26/07/2021, 30m2
3.8 triệu/tháng, Quận Cầu Giấy, Phường Nghĩa Đô,26/07/2021, 30m2
5.5 triệu/tháng, Quận Cầu Giấy, Phường Trung Hòa,26/07/2021, 36m2
1.9 triệu/tháng, Quận Hà Đông, Phường Phúc La,26/07/2021, 20m2
2.4 triệu/tháng, Quận Hoàng Mai, Phường Thịnh Liệt,24/07/2021, 40m2
2 triệu/tháng, Quận Cầu Giấy, Phường Dịch Vọng Hậu,23/07/2021, 20m2
2.5 triệu/tháng, Quận Hai Bà Trưng, Phường Ngô Thì Nhậm,23/07/2021, 15m2
3 triệu/tháng, Quận Nam Từ Liêm, Phường Mỹ Đình 1,23/07/2021, 30m2
2.8 triệu/tháng, Quận Cầu Giấy, Phường Mai Dịch,22/07/2021, 25m2
4 triệu/tháng, Quận Nam Từ Liêm, Phường Mễ Trì,22/07/2021, 25m2
4.2 triệu/tháng, Quận Cầu Giấy, Phường Nghĩa Đô,21/07/2021, 30m2
3.5 triệu/tháng, Quận Thanh Xuân, Phường Nhân Chính,21/07/2021, 22m2
3.5 triệu/tháng, Quận Ba Đình, Phường Liễu Giai,20/07/2021, 35m2
3.2 triệu/tháng, Quận Bắc Từ Liêm, Phường Minh Khai,20/07/2021, 20m2
1 triệu/tháng, Quận Cầu Giấy, Phường Yên Hòa,19/07/2021, 12m2
2.9 triệu/tháng, Quận Nam Từ Liêm, Phường Cổ Nhuế 1,19/07/2021, 30m2
4.7 triệu/tháng, Quận Nam Từ Liêm, Phường Mỹ Đình 2,19/07/2021, 25m2
1 triệu/tháng, Quận Tây Hồ, Phường Bưởi,19/07/2021, 30m2
7 triệu/tháng, Quận Ba Đình, Phường Đội Cấn,18/07/2021, 45m2
2.5 triệu/tháng, Quận Hoàng Mai, Phường Hoàng Văn Thụ,18/07/2021, 20m2
2.222222 triệu/tháng, Quận Long Biên, Phường Bồ Đề,17/07/2021, 25m2
2 triệu/tháng, Quận Đống Đa, Phường Ô Chợ Dừa,17/07/2021, 30m2
2.5 triệu/tháng, Quận Hoàng Mai, Phường Định Công,17/07/2021, 20m2
3 triệu/tháng, Quận Long Biên, Phường Long Biên,16/07/2021, 28m2
1.9 triệu/tháng, Quận Bắc Từ Liêm, Phường Phú Diễn,16/07/2021, 20m2
1.8 triệu/tháng, Quận Bắc Từ Liêm, Phường Phú Diễn,15/07/2021, 18m2
3 triệu/tháng, Quận Đống Đa, Phường Khương Thượng,15/07/2021, 25m2
1.5 triệu/tháng, Quận Nam Từ Liêm,Địa chỉ: Phường Xuân Phương,13/07/2021, 18m2
2.5 triệu/tháng, Quận Thanh Xuân, Phường Khương Đình,13/07/2021, 18m2
3.9 triệu/tháng, Quận Thanh Xuân, Phường Khương Đình,13/07/2021, 30m2
4.2 triệu/tháng, Quận Thanh Xuân, Phường Khương Trung,13/07/2021, 45m2
3.6 triệu/tháng, Quận Đống Đa, Phường Thổ Quan,13/07/2021, 30m2
3.2 triệu/tháng, Quận Cầu Giấy, Phường Trung Hòa,03/07/2021, 30m2
3.5 triệu/tháng, Quận Bắc Từ Liêm, Phường Xuân Đỉnh,03/07/2021, 50m2
1.8 triệu/tháng, Quận Cầu Giấy, Phường Quan Hoa,03/07/2021, 20m2
3.5 triệu/tháng, Quận Nam Từ Liêm,Địa chỉ: Phường Mỹ Đình 1,03/07/2021, 27m2
3.9 triệu/tháng, Quận Đống Đa, Phường Phương Liên,03/07/2021, 30m2
3.3 triệu/tháng, Quận Cầu Giấy, Phường Trung Hòa,03/07/2021, 20m2
1.3 triệu/tháng, Quận Hoàng Mai, Phường Vĩnh Hưng,03/07/2021, 15m2
2.2 triệu/tháng, Quận Thanh Xuân, Phường Hạ Đình,29/06/2021, 17m2
2.5 triệu/tháng, Quận Bắc Từ Liêm, Phường Xuân Đỉnh,29/06/2021, 25m2
3.5 triệu/tháng, Quận Đống Đa, Phường Ô Chợ Dừa,29/06/2021, 20m2
2.9 triệu/tháng, Huyện Thanh Trì, Xã Tân Triều,28/06/2021, 30m2
3 triệu/tháng, Quận Hà Đông, Phường Vạn Phúc,28/06/2021, 33m2
3 triệu/tháng, Quận Thanh Xuân, Phường Nhân Chính,28/06/2021, 30m2
2.6 triệu/tháng, Quận Hai Bà Trưng, Phường Bạch Đằng,28/06/2021, 18m2
2.9 triệu/tháng, Quận Nam Từ Liêm, Phường Xuân Phương,28/06/2021, 18m2
5.2 triệu/tháng, Quận Nam Từ Liêm, Phường Mỹ Đình 1,28/06/2021, 35m2
2.3 triệu/tháng, Quận Nam Từ Liêm, Phường Mễ Trì,28/06/2021, 17m2
2.7 triệu/tháng, Quận Hai Bà Trưng,Địa chỉ: Phường Minh Khai,27/06/2021, 22m2
3.6 triệu/tháng, Quận Cầu Giấy, Phường Quan Hoa,27/06/2021, 25m2
1.7 triệu/tháng, Quận Cầu Giấy, Phường Yên Hòa,26/06/2021, 18m2
3 triệu/tháng, Quận Hai Bà Trưng, Phường Vĩnh Tuy,26/06/2021, 20m2
3 triệu/tháng, Quận Hoàn Kiếm,Địa chỉ: Phường Phúc Tân,25/06/2021, 20m2
1.5 triệu/tháng, Quận Ba Đình,Địa chỉ: Số 4 ngõ 515 Hoàng Hoa Thám,25/06/2021, 15m2
2.3 triệu/tháng, Quận Đống Đa, Phường Ô Chợ Dừa,25/06/2021, 20m2
2.8 triệu/tháng, Quận Đống Đa, Phường Láng Hạ,25/06/2021, 20m2
3 triệu/tháng, Quận Đống Đa, Phường Kim Liên,24/06/2021, 20m2
5.4 triệu/tháng, Quận Cầu Giấy, Phường Quan Hoa,24/06/2021, 35m2
3.5 triệu/tháng, Quận Tây Hồ, Phường Phú Thượng,24/06/2021, 45m2
3.5 triệu/tháng, Quận Cầu Giấy, Phường Mai Dịch,24/06/2021, 25m2
1.6 triệu/tháng, Quận Long Biên, Phường Thượng Thanh,24/06/2021, 15m2
1.7 triệu/tháng, Quận Hoàn Kiếm, Phường Hàng Đào,23/06/2021, 100m2
2 triệu/tháng, Huyện Hoài Đức, Xã Kim Chung,22/06/2021, 40m2
2 triệu/tháng, Quận Đống Đa, Phường Hàng Bột,22/06/2021, 18m2
1.5 triệu/tháng, Quận Cầu Giấy, Phường Dịch Vọng Hậu,20/06/2021, 20m2
3 triệu/tháng, Quận Thanh Xuân, Phường Khương Trung,20/06/2021, 20m2
1.8 triệu/tháng, Quận Hoàng Mai, Phường Vĩnh Hưng,19/06/2021, 22m2
1.5 triệu/tháng, Quận Nam Từ Liêm, Phường Mễ Trì,19/06/2021, 17m2
2.5 triệu/tháng, Quận Long Biên, Phường Đức Giang,18/06/2021, 45m2
3 triệu/tháng, Quận Tây Hồ, Phường Yên Phụ,18/06/2021, 20m2
2.1 triệu/tháng, Quận Nam Từ Liêm, Phường Trung Văn,17/06/2021, 28m2
3 triệu/tháng, Quận Tây Hồ, Phường Quảng An,17/06/2021, 20m2
2.5 triệu/tháng, Quận Thanh Xuân, Phường Khương Đình,17/06/2021, 20m2
3 triệu/tháng, Quận Cầu Giấy, Phường Dịch Vọng Hậu,17/06/2021, 25m2
2.5 triệu/tháng, Quận Cầu Giấy, Phường Trung Hòa,16/06/2021, 20m2
3 triệu/tháng, Quận Cầu Giấy, Phường Dịch Vọng,16/06/2021, 25m2
1 triệu/tháng, Quận Hai Bà Trưng, Phường Thanh Lương,15/06/2021, 15m2
3.3 triệu/tháng, Quận Nam Từ Liêm, Phường Mễ Trì,15/06/2021, 26m2
3.3 triệu/tháng, Quận Hà Đông, Phường Mỗ Lao,14/06/2021, 22m2
6.5 triệu/tháng, Quận Hà Đông, Phường Văn Quán,14/06/2021, 25m2
3.2 triệu/tháng, Huyện Thanh Trì, Xã Tân Triều,14/06/2021, 25m2
3.7 triệu/tháng, Huyện Thanh Trì, Xã Tân Triều,14/06/2021, 35m2
3.4 triệu/tháng, Quận Hà Đông, Phường Văn Quán,14/06/2021, 25m2
3.2 triệu/tháng, Quận Thanh Xuân, Phường Thanh Xuân Nam,14/06/2021, 27m2
2.2 triệu/tháng, Quận Long Biên, Phường Ngọc Lâm,13/06/2021, 25m2
2 triệu/tháng, Quận Thanh Xuân, Phường Khương Trung,13/06/2021, 13m2
6 triệu/tháng, Quận Thanh Xuân, Phường Nhân Chính,09/06/2021, 55m2
3.2 triệu/tháng, Quận Nam Từ Liêm,Địa chỉ: Ngõ 20 Đường Mỹ Đình,08/06/2021, 25m2
2.6 triệu/tháng, Quận Thanh Xuân, Phường Khương Mai,08/06/2021, 22m2
4 triệu/tháng, Quận Thanh Xuân, Phường Thượng Đình,08/06/2021, 30m2
3.4 triệu/tháng, Quận Nam Từ Liêm, Phường Mỹ Đình 1,07/06/2021, 30m2
4 triệu/tháng, Quận Thanh Xuân, Phường Khương Đình,06/06/2021, 30m2
3.6 triệu/tháng, Quận Thanh Xuân, Phường Hạ Đình,06/06/2021, 30m2
1.3 triệu/tháng, Huyện Thanh Trì, Xã Thanh Liệt,05/06/2021, 15m2
5 triệu/tháng, Quận Tây Hồ, Phường Yên Phụ,05/06/2021, 50m2
3.2 triệu/tháng, Quận Hà Đông,Địa chỉ: 21 Đường Yên Xá,05/06/2021, 30m2
1.5 triệu/tháng, Quận Hoàng Mai, Phường Mai Động,04/06/2021, 25m2
2.7 triệu/tháng, Quận Hai Bà Trưng, Phường Minh Khai,04/06/2021, 20m2
2.4 triệu/tháng, Quận Hai Bà Trưng, Phường Minh Khai,04/06/2021, 18m2
3.7 triệu/tháng, Quận Tây Hồ, Phường Tứ Liên,04/06/2021, 25m2
2.5 triệu/tháng, Quận Tây Hồ, Phường Tứ Liên,04/06/2021, 20m2
2.6 triệu/tháng, Quận Cầu Giấy, Phường Dịch Vọng Hậu,03/06/2021, 20m2
2 triệu/tháng, Huyện Thanh Trì, Xã Thanh Liệt,03/06/2021, 150m2
1.4 triệu/tháng, Quận Cầu Giấy, Phường Quan Hoa,02/06/2021, 16m2
2.6 triệu/tháng, Quận Tây Hồ, Phường Quảng An,02/06/2021, 40m2
1.6 triệu/tháng, Quận Bắc Từ Liêm, Phường Cổ Nhuế 1,02/06/2021, 14m2
3 triệu/tháng, Quận Thanh Xuân, Phường Khương Đình,01/06/2021, 30m2
3.5 triệu/tháng, Quận Tây Hồ, Phường Tứ Liên,01/06/2021, 25m2
1.3 triệu/tháng, Quận Thanh Xuân, Phường Khương Mai,01/06/2021, 25m2
3.2 triệu/tháng, Quận Nam Từ Liêm, Phường Mỹ Đình 1,31/05/2021, 25m2
1.5 triệu/tháng, Quận Hoàng Mai, Phường Đại Kim,30/05/2021, 35m2
2.5 triệu/tháng, Quận Hà Đông, Phường Mỗ Lao,30/05/2021, 35m2
3 triệu/tháng, Quận Hai Bà Trưng, Phường Bạch Mai,30/05/2021, 25m2
1.5 triệu/tháng, Quận Hà Đông, Phường Quang Trung,29/05/2021, 18m2
4.7 triệu/tháng, Quận Hà Đông, Phường Mỗ Lao,29/05/2021, 35m2
1.9 triệu/tháng, Quận Bắc Từ Liêm, Phường Cổ Nhuế 1,29/05/2021, 18m2
3.7 triệu/tháng, Quận Hà Đông, Phường Mỗ Lao,29/05/2021, 25m2
3.7 triệu/tháng, Quận Ba Đình, Phường Cống Vị,28/05/2021, 55m2
2.6 triệu/tháng, Quận Bắc Từ Liêm, Phường Phú Diễn,28/05/2021, 25m2
3.2 triệu/tháng, Huyện Thanh Trì, Xã Tân Triều,28/05/2021, 25m2
2.6 triệu/tháng, Quận Tây Hồ, Phường Yên Phụ,28/05/2021, 27m2
2.7 triệu/tháng, Quận Đống Đa, Phường Láng Thượng,27/05/2021, 23m2
2.5 triệu/tháng, Quận Cầu Giấy, Phường Nghĩa Đô,27/05/2021, 18m2
2.2 triệu/tháng, Quận Cầu Giấy, Phường Quan Hoa,26/05/2021, 16m2
4 triệu/tháng, Quận Ba Đình, Phường Cống Vị,26/05/2021, 20m2
2.5 triệu/tháng, Quận Nam Từ Liêm, Phường Đại Mỗ,25/05/2021,"
                        25m2
"
3.8 triệu/tháng, Quận Hoàng Mai, Phường Hoàng Văn Thụ,25/05/2021, 35m2
3.5 triệu/tháng, Quận Cầu Giấy, Phường Yên Hòa,25/05/2021, 25m2
4 triệu/tháng, Quận Cầu Giấy,Địa chỉ: Ngõ 35 Đường Trần Thái Tông,24/05/2021, 27m2
2.4 triệu/tháng, Quận Cầu Giấy, Phường Trung Hòa,24/05/2021, 20m2
1.5 triệu/tháng, Huyện Hoài Đức, Xã Vân Côn,24/05/2021, 15m2
3 triệu/tháng, Quận Cầu Giấy, Phường Dịch Vọng,24/05/2021, 30m2
1.6 triệu/tháng, Quận Nam Từ Liêm, Phường Mỹ Đình 2,23/05/2021, 17m2
600.000 đồng/tháng, Huyện Đan Phượng,Địa chỉ: Xã Đồng Tháp,23/05/2021, 15m2
2 triệu/tháng, Quận Hoàng Mai, Phường Lĩnh Nam,23/05/2021, 20m2
2.7 triệu/tháng, Quận Hai Bà Trưng, Phường Trương Định,23/05/2021, 21m2
2 triệu/tháng, Quận Thanh Xuân, Phường Khương Đình,22/05/2021, 26m2
4 triệu/tháng, Quận Hai Bà Trưng, Phường Vĩnh Tuy,20/05/2021, 25m2
2.4 triệu/tháng, Quận Hoàng Mai, Phường Lĩnh Nam,20/05/2021, 30m2
3.4 triệu/tháng, Quận Tây Hồ, Phường Bưởi,15/05/2021, 25m2
3.1 triệu/tháng, Quận Đống Đa,Địa chỉ: Đường Cát Linh,15/05/2021, 20m2
1.7 triệu/tháng, Quận Nam Từ Liêm, Phường Mỹ Đình 2,14/05/2021, 18m2
2.5 triệu/tháng, Quận Bắc Từ Liêm, Phường Cổ Nhuế 2,14/05/2021, 35m2
2.7 triệu/tháng, Huyện Thanh Trì, Xã Thanh Liệt,14/05/2021, 25m2
2 triệu/tháng, Quận Đống Đa, Phường Nam Đồng,14/05/2021, 20m2
2.8 triệu/tháng, Quận Cầu Giấy, Phường Quan Hoa,13/05/2021, 20m2
3.5 triệu/tháng, Quận Hoàng Mai, Phường Thanh Trì,13/05/2021, 30m2
4.5 triệu/tháng, Quận Nam Từ Liêm, Phường Mỹ Đình 2,12/05/2021, 100m2
3 triệu/tháng, Quận Thanh Xuân, Phường Hạ Đình,11/05/2021, 42m2
4 triệu/tháng, Quận Nam Từ Liêm, Phường Mỹ Đình 1,11/05/2021, 30m2
2.6 triệu/tháng, Quận Đống Đa, Phường Phương Liên,10/05/2021, 30m2
3 triệu/tháng, Quận Nam Từ Liêm, Phường Phú Đô,10/05/2021, 25m2
3.5 triệu/tháng, Quận Cầu Giấy, Phường Yên Hòa,09/05/2021, 35m2
2.5 triệu/tháng, Quận Hoàng Mai, Phường Giáp Bát,09/05/2021, 15m2
4 triệu/tháng, Quận Cầu Giấy, Phường Quan Hoa,08/05/2021, 50m2
1.6 triệu/tháng, Quận Bắc Từ Liêm, Phường Xuân Tảo,07/05/2021, 18m2
4 triệu/tháng, Quận Thanh Xuân, Phường Nhân Chính,07/05/2021, 40m2
2.2 triệu/tháng, Quận Hoàn Kiếm, Phường Hàng Gai,06/05/2021, 20m2
2 triệu/tháng, Quận Hoàng Mai, Phường Đại Kim,05/05/2021, 20m2
2 triệu/tháng, Quận Hà Đông, Phường Dương Nội,05/05/2021, 25m2
2 triệu/tháng, Quận Hoàng Mai, Phường Định Công,30/04/2021, 30m2
3.5 triệu/tháng, Quận Hà Đông, Phường Phúc La,29/04/2021, 25m2
1.8 triệu/tháng, Quận Tây Hồ, Phường Phú Thượng,29/04/2021, 20m2
4 triệu/tháng, Quận Hoàng Mai, Phường Tân Mai,28/04/2021, 25m2
2.2 triệu/tháng, Quận Đống Đa, Phường Ngã Tư Sở,28/04/2021, 18m2
1.2 triệu/tháng, Quận Hoàng Mai, Phường Thịnh Liệt,28/04/2021, 20m2
2 triệu/tháng, Quận Hai Bà Trưng, Phường Bách Khoa,28/04/2021, 16m2
4 triệu/tháng, Quận Nam Từ Liêm, Phường Mỹ Đình 2,28/04/2021, 30m2
2.5 triệu/tháng, Quận Đống Đa, Phường Ô Chợ Dừa,27/04/2021, 15m2
2 triệu/tháng, Quận Hoàng Mai, Phường Định Công,27/04/2021, 30m2
3 triệu/tháng, Quận Tây Hồ, Phường Bưởi,27/04/2021, 20m2
2.5 triệu/tháng, Quận Tây Hồ, Phường Thụy Khuê,27/04/2021, 30m2
2.5 triệu/tháng, Quận Hai Bà Trưng, Phường Bạch Mai,26/04/2021, 30m2
1.499 triệu/tháng, Quận Thanh Xuân, Phường Thượng Đình,26/04/2021, 130m2
2.6 triệu/tháng, Quận Bắc Từ Liêm,Địa chỉ: Phường Cổ Nhuế 2,26/04/2021, 22m2
2.8 triệu/tháng, Quận Thanh Xuân, Phường Kim Giang,25/04/2021, 23m2
3.2 triệu/tháng, Quận Thanh Xuân, Phường Thanh Xuân Nam,24/04/2021, 20m2
3.8 triệu/tháng, Quận Ba Đình, Phường Quán Thánh,23/04/2021, 20m2
4 triệu/tháng, Quận Hoàng Mai, Phường Giáp Bát,23/04/2021, 40m2
6 triệu/tháng, Quận Tây Hồ, Phường Bưởi,16/04/2021, 50m2
4 triệu/tháng, Quận Tây Hồ, Phường Yên Phụ,16/04/2021, 35m2
3.2 triệu/tháng, Quận Hà Đông, Phường Mỗ Lao,09/04/2021, 25m2
2.5 triệu/tháng, Quận Hoàng Mai, Phường Tân Mai,09/04/2021, 22m2
4 triệu/tháng, Quận Tây Hồ, Phường Tứ Liên,08/04/2021, 25m2
2 triệu/tháng, Quận Thanh Xuân, Phường Nhân Chính,08/04/2021, 17m2
3.4 triệu/tháng, Quận Hai Bà Trưng, Phường Đồng Tâm,29/03/2021, 35m2
3.2 triệu/tháng, Quận Tây Hồ, Phường Tứ Liên,18/03/2021, 17m2
3.7 triệu/tháng, Quận Tây Hồ, Phường Tứ Liên,18/03/2021, 25m2
2 triệu/tháng, Quận Thanh Xuân, Phường Thanh Xuân Nam,18/03/2021, 17m2
3 triệu/tháng, Quận Hà Đông, Phường La Khê,18/03/2021, 22m2
2.2 triệu/tháng, Quận Hoàng Mai, Phường Định Công,17/03/2021, 20m2
2.5 triệu/tháng, Quận Thanh Xuân, Phường Thanh Xuân Bắc,17/03/2021, 25m2
1.25 triệu/tháng, Quận Thanh Xuân, Phường Khương Đình,15/03/2021, 26m2
1 triệu/tháng, Quận Cầu Giấy,Địa chỉ: Phường Dịch Vọng,15/03/2021, 10m2
1.7 triệu/tháng, Quận Long Biên, Phường Ngọc Thụy,15/03/2021, 17m2
3 triệu/tháng, Quận Đống Đa, Phường Khương Thượng,15/03/2021, 30m2
3 triệu/tháng, Quận Ba Đình, Phường Thành Công,14/03/2021, 30m2
3 triệu/tháng, Quận Thanh Xuân, Phường Khương Mai,14/03/2021, 22m2
2.2 triệu/tháng, Quận Đống Đa, Phường Láng Thượng,12/03/2021, 20m2
3.4 triệu/tháng, Quận Đống Đa,Địa chỉ: 248A Tôn Đức Thắng,12/03/2021, 15m2
2.2 triệu/tháng, Quận Tây Hồ, Phường Yên Phụ,12/03/2021, 22m2
2.7 triệu/tháng, Quận Thanh Xuân, Phường Thanh Xuân Nam,12/03/2021, 19m2
2.6 triệu/tháng, Quận Đống Đa, Phường Ô Chợ Dừa,12/03/2021, 20m2
3.6 triệu/tháng, Quận Hà Đông, Phường Yên Nghĩa,11/03/2021, 58m2
2.5 triệu/tháng, Quận Cầu Giấy, Phường Dịch Vọng Hậu,11/03/2021, 23m2
3 triệu/tháng, Quận Đống Đa, Phường Văn Miếu,11/03/2021, 35m2
2.5 triệu/tháng, Quận Đống Đa, Phường Láng Thượng,11/03/2021, 20m2
1.8 triệu/tháng, Quận Hoàng Mai, Phường Hoàng Liệt,10/03/2021, 18m2
1.9 triệu/tháng, Huyện Thanh Trì, Xã Thanh Liệt,10/03/2021, 30m2
2 triệu/tháng, Huyện Gia Lâm, Thị trấn Trâu Quỳ,10/03/2021, 45m2
2.5 triệu/tháng, Quận Hà Đông, Phường La Khê,10/03/2021, 40m2
3 triệu/tháng, Quận Cầu Giấy, Phường Dịch Vọng Hậu,09/03/2021, 30m2
3 triệu/tháng, Quận Thanh Xuân, Phường Khương Đình,09/03/2021, 30m2
3 triệu/tháng, Huyện Hoài Đức, Xã Vân Canh,08/03/2021, 70m2
2.5 triệu/tháng, Quận Nam Từ Liêm, Phường Mễ Trì,08/03/2021, 30m2
3.5 triệu/tháng, Quận Thanh Xuân, Phường Kim Giang,07/03/2021, 45m2
2.5 triệu/tháng, Quận Hai Bà Trưng, Phường Trương Định,06/03/2021, 30m2
2.5 triệu/tháng, Quận Nam Từ Liêm,Địa chỉ: Phường Mỹ Đình 1,06/03/2021, 25m2
2.7 triệu/tháng, Quận Cầu Giấy, Phường Nghĩa Đô,05/03/2021, 30m2
2.3 triệu/tháng, Quận Long Biên, Phường Đức Giang,05/03/2021, 22m2
750.000 đồng/tháng, Quận Hà Đông, Phường Phú Lương,04/03/2021, 12m2
Thỏa thuận, Quận Cầu Giấy, Phường Quan Hoa,04/03/2021, 32m2
3 triệu/tháng, Quận Nam Từ Liêm, Phường Mỹ Đình 1,03/03/2021, 40m2
4 triệu/tháng, Quận Tây Hồ, Phường Tứ Liên,03/03/2021, 25m2
1.5 triệu/tháng, Huyện Thanh Trì, Xã Tam Hiệp,02/03/2021, 24m2
3 triệu/tháng, Quận Tây Hồ, Phường Nhật Tân,02/03/2021, 35m2
2.8 triệu/tháng, Quận Nam Từ Liêm, Phường Trung Văn,02/03/2021, 20m2
3.5 triệu/tháng, Quận Đống Đa, Phường Trung Liệt,02/03/2021, 26m2
3 triệu/tháng, Quận Thanh Xuân, Phường Nhân Chính,02/03/2021, 18m2
1.1 triệu/tháng, Quận Thanh Xuân,Địa chỉ: Phường Khương Trung,01/03/2021, 9m2
4.5 triệu/tháng, Quận Thanh Xuân, Phường Hạ Đình,20/02/2021, 33m2
2.55 triệu/tháng, Quận Bắc Từ Liêm, Phường Phúc Diễn,23/01/2021, 18m2
2.7 triệu/tháng, Quận Đống Đa, Phường Láng Thượng,22/01/2021, 27m2
3 triệu/tháng, Quận Hoàng Mai, Phường Yên Sở,21/01/2021, 30m2
1.8 triệu/tháng, Quận Long Biên, Phường Ngọc Thụy,21/01/2021, 30m2
1.5 triệu/tháng, Quận Thanh Xuân, Phường Nhân Chính,21/01/2021, 10m2
3.9 triệu/tháng, Quận Nam Từ Liêm, Phường Mỹ Đình 1,21/01/2021, 35m2
4.5 triệu/tháng, Quận Đống Đa, Phường Cát Linh,20/01/2021, 22m2
1.4 triệu/tháng, Quận Hà Đông, Phường Quang Trung,20/01/2021, 15m2
4.5 triệu/tháng, Quận Thanh Xuân,Địa chỉ: Phố Vũ Tông Phan,20/01/2021, 45m2
4.6 triệu/tháng, Quận Hoàn Kiếm, Phường Trần Hưng Đạo,20/01/2021, 25m2
2 triệu/tháng, Quận Hai Bà Trưng, Phường Đồng Tâm,19/01/2021, 12m2
2.2 triệu/tháng, Quận Hoàng Mai, Phường Hoàng Liệt,18/01/2021, 25m2
2.8 triệu/tháng, Quận Thanh Xuân, Phường Khương Đình,17/01/2021, 25m2
3 triệu/tháng, Quận Cầu Giấy, Phường Dịch Vọng Hậu,17/01/2021, 30m2
3 triệu/tháng, Quận Nam Từ Liêm, Phường Trung Văn,16/01/2021, 30m2
3 triệu/tháng, Quận Nam Từ Liêm, Phường Trung Văn,16/01/2021, 25m2
4.2 triệu/tháng, Quận Thanh Xuân, Phường Khương Mai,16/01/2021, 22m2
1.5 triệu/tháng, Quận Hà Đông,Địa chỉ: Đường Mỗ Lao,14/01/2021, 12m2
3 triệu/tháng, Quận Nam Từ Liêm, Phường Mỹ Đình 1,14/01/2021, 25m2
2 triệu/tháng, Quận Hai Bà Trưng, Phường Minh Khai,13/01/2021, 20m2
1.3 triệu/tháng, Quận Bắc Từ Liêm, Phường Xuân Đỉnh,13/01/2021, 15m2
3.2 triệu/tháng, Quận Hoàng Mai, Phường Định Công,13/01/2021, 25m2
900.000 đồng/tháng, Quận Bắc Từ Liêm, Phường Cổ Nhuế 1,13/01/2021, 14m2
7.6 triệu/tháng, Quận Cầu Giấy, Phường Trung Hòa,12/01/2021, 50m2
2 triệu/tháng, Huyện Thanh Trì, Xã Thanh Liệt,10/01/2021, 25m2
3 triệu/tháng, Quận Hai Bà Trưng, Phường Bách Khoa,10/01/2021, 19m2
3.5 triệu/tháng, Quận Tây Hồ, Phường Yên Phụ,10/01/2021, 20m2
4 triệu/tháng, Quận Cầu Giấy, Phường Trung Hòa,09/01/2021, 25m2
4 triệu/tháng, Quận Hoàng Mai, Phường Định Công,08/01/2021, 30m2
1.8 triệu/tháng, Quận Hà Đông, Phường La Khê,08/01/2021, 33m2
2.4 triệu/tháng, Quận Hà Đông,Địa chỉ: Phường Phúc La,07/01/2021, 25m2
3 triệu/tháng, Quận Cầu Giấy, Phường Trung Hòa,07/01/2021, 18m2
3 triệu/tháng, Quận Đống Đa, Phường Kim Liên,07/01/2021, 17m2
4 triệu/tháng, Quận Đống Đa, Phường Láng Thượng,07/01/2021, 30m2
2.5 triệu/tháng, Quận Thanh Xuân, Phường Phương Liệt,06/01/2021, 17m2
1.7 triệu/tháng, Quận Cầu Giấy, Phường Nghĩa Đô,06/01/2021, 17m2
3.3 triệu/tháng, Quận Tây Hồ, Phường Xuân La,06/01/2021, 38m2
1.8 triệu/tháng, Quận Long Biên, Phường Bồ Đề,27/12/2020, 20m2
2.2 triệu/tháng, Quận Nam Từ Liêm,Địa chỉ: Đường Đỗ Đức Dục,25/12/2020, 15m2
2.2 triệu/tháng, Quận Nam Từ Liêm, Phường Mễ Trì,25/12/2020, 15m2
2.5 triệu/tháng, Quận Hoàng Mai, Phường Hoàng Liệt,24/12/2020, 20m2
4.5 triệu/tháng, Quận Cầu Giấy, Phường Dịch Vọng,24/12/2020, 28m2
1.7 triệu/tháng, Quận Thanh Xuân, Phường Nhân Chính,24/12/2020, 120m2
1.7 triệu/tháng, Quận Cầu Giấy, Phường Yên Hòa,24/12/2020, 120m2
1.6 triệu/tháng, Quận Tây Hồ, Phường Bưởi,24/12/2020, 120m2
1.6 triệu/tháng, Quận Hoàn Kiếm, Phường Chương Dương Độ,24/12/2020, 25m2
1.65 triệu/tháng, Quận Đống Đa, Phường Láng Hạ,24/12/2020, 30m2
1.65 triệu/tháng, Quận Cầu Giấy, Phường Yên Hòa,24/12/2020, 120m2
3.5 triệu/tháng, Quận Hà Đông, Phường Nguyễn Trãi,24/12/2020, 25m2
5 triệu/tháng, Quận Nam Từ Liêm, Phường Mỹ Đình 1,23/12/2020, 35m2
3 triệu/tháng, Quận Hà Đông, Phường Phú Lương,23/12/2020, 42m2
4 triệu/tháng, Quận Cầu Giấy, Phường Dịch Vọng,23/12/2020, 27m2
2.5 triệu/tháng, Quận Thanh Xuân, Phường Kim Giang,22/12/2020, 59m2
3.2 triệu/tháng, Quận Hà Đông, Phường Nguyễn Trãi,22/12/2020, 25m2
4 triệu/tháng, Quận Tây Hồ, Phường Tứ Liên,21/12/2020, 30m2
6.5 triệu/tháng, Quận Cầu Giấy, Phường Nghĩa Tân,21/12/2020, 50m2
3.5 triệu/tháng, Quận Hà Đông, Phường Mỗ Lao,21/12/2020, 25m2
2 triệu/tháng, Quận Thanh Xuân, Phường Khương Đình,20/12/2020, 13m2
3.5 triệu/tháng, Quận Hà Đông,Địa chỉ: Phường Nguyễn Trãi,20/12/2020, 25m2
2 triệu/tháng, Quận Hai Bà Trưng, Phường Thanh Lương,19/12/2020, 28m2
1 triệu/tháng, Quận Cầu Giấy, Phường Yên Hòa,17/12/2020, 10m2
3.2 triệu/tháng, Quận Thanh Xuân, Phường Thanh Xuân Bắc,17/12/2020, 50m2
2.5 triệu/tháng, Quận Đống Đa, Phường Trung Phụng,17/12/2020, 17m2
2.5 triệu/tháng, Quận Ba Đình, Phường Kim Mã,16/12/2020, 18m2
1.7 triệu/tháng, Quận Đống Đa, Phường Nam Đồng,16/12/2020, 15m2
3.5 triệu/tháng, Quận Đống Đa, Phường Láng Thượng,15/12/2020, 25m2
2.3 triệu/tháng, Quận Bắc Từ Liêm, Phường Cổ Nhuế 1,15/12/2020, 25m2
3 triệu/tháng, Quận Ba Đình,Địa chỉ: 68 ngõ 82 Phố Kim Mã,15/12/2020, 30m2
3.7 triệu/tháng, Quận Thanh Xuân, Phường Phương Liệt,15/12/2020, 20m2
2.3 triệu/tháng, Quận Long Biên, Phường Bồ Đề,15/12/2020, 30m2
2 triệu/tháng, Quận Hai Bà Trưng, Phường Minh Khai,14/12/2020, 15m2
2 triệu/tháng, Quận Hai Bà Trưng, Phường Thanh Lương,14/12/2020, 20m2
3 triệu/tháng, Quận Nam Từ Liêm,Địa chỉ: Phường Mỹ Đình 1,14/12/2020, 30m2
5.5 triệu/tháng, Quận Cầu Giấy, Phường Quan Hoa,13/12/2020, 30m2
3 triệu/tháng, Quận Bắc Từ Liêm, Phường Phú Diễn,13/12/2020, 30m2
3 triệu/tháng, Quận Tây Hồ, Phường Phú Thượng,13/12/2020, 30m2
1.7 triệu/tháng, Quận Long Biên, Phường Cự Khối,12/12/2020, 30m2
3.2 triệu/tháng, Quận Nam Từ Liêm, Phường Cầu Diễn,12/12/2020, 30m2
2 triệu/tháng, Quận Hai Bà Trưng, Phường Thanh Lương,11/12/2020, 15m2
1.6 triệu/tháng, Quận Bắc Từ Liêm, Phường Cổ Nhuế 1,11/12/2020, 25.5m2
2.5 triệu/tháng, Quận Nam Từ Liêm, Phường Đức Thắng,11/12/2020, 22m2
2 triệu/tháng, Quận Hoàng Mai, Phường Yên Sở,11/12/2020, 15m2
3.8 triệu/tháng, Quận Nam Từ Liêm, Phường Trung Văn,10/12/2020, 35m2
2 triệu/tháng, Huyện Thanh Trì,Địa chỉ: Xã Vĩnh Quỳnh,10/12/2020, 32m2
1.5 triệu/tháng, Quận Tây Hồ, Phường Xuân La,06/12/2020, 25m2
3.5 triệu/tháng, Quận Nam Từ Liêm, Phường Cầu Diễn,06/12/2020, 30m2
4 triệu/tháng, Quận Cầu Giấy, Phường Dịch Vọng,05/12/2020, 35m2
3.4 triệu/tháng, Huyện Thanh Trì, Xã Tân Triều,05/12/2020, 23m2
2.7 triệu/tháng, Quận Ba Đình, Phường Cống Vị,05/12/2020, 20m2
3.5 triệu/tháng, Quận Hà Đông, Phường Văn Quán,04/12/2020, 20m2
3 triệu/tháng, Quận Đống Đa, Phường Kim Liên,03/12/2020, 15m2
1.1 triệu/tháng, Quận Thanh Xuân, Phường Thanh Xuân Bắc,03/12/2020, 32m2
6 triệu/tháng, Quận Đống Đa, Phường Ngã Tư Sở,03/12/2020, 50m2
3 triệu/tháng, Quận Hoàng Mai, Phường Hoàng Văn Thụ,02/12/2020, 18m2
15 triệu/tháng, Quận Cầu Giấy, Phường Quan Hoa,02/12/2020, 50m2
3.5 triệu/tháng, Quận Cầu Giấy, Phường Dịch Vọng Hậu,01/12/2020, 25m2
4 triệu/tháng, Quận Cầu Giấy, Phường Dịch Vọng,01/12/2020, 25m2
1.5 triệu/tháng, Quận Thanh Xuân, Phường Nhân Chính,30/11/2020, 25m2
2.6 triệu/tháng, Quận Ba Đình, Phường Ngọc Hà,30/11/2020, 16m2
3.6 triệu/tháng, Quận Hoàng Mai, Phường Thịnh Liệt,30/11/2020, 30m2
2.8 triệu/tháng, Quận Ba Đình, Phường Liễu Giai,30/11/2020, 17m2
4.5 triệu/tháng, Quận Hoàn Kiếm, Phường Đồng Xuân,30/11/2020, 30m2
2 triệu/tháng, Quận Hoàng Mai, Phường Thanh Trì,30/11/2020, 22m2
6 triệu/tháng, Quận Long Biên, Phường Gia Thụy,29/11/2020, 70m2
3 triệu/tháng, Quận Bắc Từ Liêm, Phường Cổ Nhuế 1,28/11/2020, 25m2
2.6 triệu/tháng, Quận Nam Từ Liêm, Phường Trung Văn,28/11/2020, 20m2
4 triệu/tháng, Quận Nam Từ Liêm, Phường Phú Đô,27/11/2020, 25m2
2.3 triệu/tháng, Quận Cầu Giấy,Địa chỉ: Đường Hoàng Ngân,27/11/2020, 20m2
2.8 triệu/tháng, Quận Hoàng Mai, Phường Thanh Trì,27/11/2020, 25m2
2.2 triệu/tháng, Huyện Thanh Trì, Xã Thanh Liệt,27/11/2020, 22m2
2 triệu/tháng, Quận Thanh Xuân, Phường Kim Giang,26/11/2020, 18m2
1.8 triệu/tháng, Quận Long Biên, Phường Ngọc Thụy,26/11/2020, 15m2
2 triệu/tháng, Quận Hai Bà Trưng, Phường Đồng Nhân,23/11/2020, 20m2
2 triệu/tháng, Quận Cầu Giấy,Địa chỉ: Đường Hoàng Ngân,22/11/2020, 20m2
3.8 triệu/tháng, Quận Cầu Giấy, Phường Nghĩa Tân,22/11/2020, 25m2
1.65 triệu/tháng, Quận Cầu Giấy, Phường Dịch Vọng,21/11/2020, 110m2
1.8 triệu/tháng, Quận Hoàn Kiếm, Phường Chương Dương Độ,21/11/2020, 100m2
1.65 triệu/tháng, Quận Đống Đa, Phường Láng Hạ,21/11/2020, 100m2
4 triệu/tháng, Quận Đống Đa, Phường Văn Chương,21/11/2020, 28m2
4.7 triệu/tháng, Quận Hai Bà Trưng, Phường Vĩnh Tuy,21/11/2020, 25m2
1.7 triệu/tháng, Huyện Gia Lâm,Địa chỉ: Xã Kiêu Kỵ,20/11/2020, 27m2
2.8 triệu/tháng, Quận Cầu Giấy, Phường Mai Dịch,20/11/2020, 22m2
3.2 triệu/tháng, Quận Hà Đông, Phường Kiến Hưng,20/11/2020, 30m2
4.5 triệu/tháng, Quận Cầu Giấy, Phường Quan Hoa,20/11/2020, 260m2
2 triệu/tháng, Quận Đống Đa, Phường Láng Thượng,19/11/2020, 17m2
2.5 triệu/tháng, Quận Đống Đa, Phường Ô Chợ Dừa,18/11/2020, 16m2
3 triệu/tháng, Quận Bắc Từ Liêm, Phường Xuân Đỉnh,18/11/2020, 30m2
4 triệu/tháng, Quận Nam Từ Liêm, Phường Mễ Trì,17/11/2020, 30m2
3 triệu/tháng, Quận Thanh Xuân, Phường Kim Giang,17/11/2020, 34m2
2 triệu/tháng, Quận Thanh Xuân, Phường Hạ Đình,17/11/2020, 15m2
2.5 triệu/tháng, Quận Hai Bà Trưng, Phường Bách Khoa,17/11/2020, 15m2
3.333 triệu/tháng, Quận Cầu Giấy, Phường Trung Hòa,16/11/2020, 40m2
1.2 triệu/tháng, Quận Long Biên,Địa chỉ: Phường Việt Hưng,16/11/2020, 20m2
3.1 triệu/tháng, Huyện Thanh Trì, Xã Thanh Liệt,16/11/2020, 25m2
5.5 triệu/tháng, Quận Đống Đa, Phường Phương Mai,15/11/2020, 25m2
1.7 triệu/tháng, Huyện Thanh Trì, Xã Ngọc Hồi,14/11/2020, 30m2
2.9 triệu/tháng, Quận Hà Đông, Phường Mỗ Lao,14/11/2020, 20m2
1.25 triệu/tháng, Quận Thanh Xuân, Phường Khương Trung,14/11/2020, 45m2
2 triệu/tháng, Quận Hoàng Mai, Phường Tương Mai,14/11/2020, 18m2
2.5 triệu/tháng, Quận Hà Đông, Phường Yết Kiêu,13/11/2020, 14m2
4 triệu/tháng, Quận Hà Đông, Phường Văn Quán,13/11/2020, 50m2
1.2 triệu/tháng, Quận Hai Bà Trưng, Phường Bạch Mai,12/11/2020, 10m2
3 triệu/tháng, Quận Cầu Giấy, Phường Nghĩa Đô,12/11/2020, 40m2
2.5 triệu/tháng, Quận Thanh Xuân, Phường Thanh Xuân Bắc,11/11/2020, 22m2
3.5 triệu/tháng, Quận Thanh Xuân, Phường Khương Đình,11/11/2020, 25m2
1.3 triệu/tháng, Huyện Thanh Trì, Xã Vĩnh Quỳnh,11/11/2020, 17m2
2.5 triệu/tháng, Quận Long Biên, Phường Long Biên,11/11/2020, 35m2
2.5 triệu/tháng, Quận Đống Đa, Phường Phương Mai,11/11/2020, 17m2
4 triệu/tháng, Quận Cầu Giấy, Phường Mai Dịch,10/11/2020, 35m2
2 triệu/tháng, Quận Cầu Giấy, Phường Yên Hòa,10/11/2020, 15m2
3.9 triệu/tháng, Quận Nam Từ Liêm, Phường Xuân Phương,08/11/2020, 40m2
3.8 triệu/tháng, Quận Cầu Giấy, Phường Trung Hòa,07/11/2020, 15m2
2.9 triệu/tháng, Huyện Thanh Trì, Xã Tứ Hiệp,06/11/2020, 20m2
1.65 triệu/tháng, Quận Đống Đa, Phường Ngã Tư Sở,06/11/2020, 100m2
1.8 triệu/tháng, Quận Tây Hồ, Phường Bưởi,06/11/2020, 22m2
3.5 triệu/tháng, Quận Cầu Giấy, Phường Dịch Vọng Hậu,05/11/2020, 35m2
3 triệu/tháng, Quận Đống Đa, Phường Thịnh Quang,05/11/2020, 33m2
1.7 triệu/tháng, Quận Long Biên,Địa chỉ: Phường Phúc Đồng,04/11/2020, 25m2
1.9 triệu/tháng, Quận Hai Bà Trưng, Phường Thanh Lương,04/11/2020, 15m2
2.1 triệu/tháng, Quận Hoàng Mai, Phường Thanh Trì,03/11/2020, 20m2
1.3 triệu/tháng, Quận Bắc Từ Liêm,Địa chỉ: Phường Cổ Nhuế 1,02/11/2020, 10m2
3 triệu/tháng, Quận Tây Hồ, Phường Yên Phụ,27/10/2020, 25m2
3 triệu/tháng, Quận Hai Bà Trưng, Phường Thanh Lương,27/10/2020, 30m2
4 triệu/tháng, Quận Nam Từ Liêm,Địa chỉ: Phường Mễ Trì,27/10/2020, 28m2
2 triệu/tháng, Quận Cầu Giấy, Phường Trung Hòa,26/10/2020, 20m2
2 triệu/tháng, Quận Tây Hồ, Phường Nhật Tân,25/10/2020, 14m2
4.5 triệu/tháng, Quận Nam Từ Liêm, Phường Mỹ Đình 1,24/10/2020, 40m2
6.8 triệu/tháng, Quận Cầu Giấy, Phường Trung Hòa,24/10/2020, 60m2
3.2 triệu/tháng, Quận Thanh Xuân, Phường Thanh Xuân Nam,23/10/2020, 20m2
1.5 triệu/tháng, Quận Thanh Xuân, Phường Khương Trung,20/10/2020, 12m2
1.5 triệu/tháng, Quận Long Biên, Phường Thượng Thanh,20/10/2020, 20m2
1.5 triệu/tháng, Huyện Gia Lâm, Thị trấn Trâu Quỳ,19/10/2020, 50m2
4 triệu/tháng, Quận Nam Từ Liêm,Địa chỉ: Phường Tây Mỗ,18/10/2020, 25m2
2.8 triệu/tháng, Quận Nam Từ Liêm, Phường Mỹ Đình 1,17/10/2020, 18m2
1.7 triệu/tháng, Quận Hoàng Mai, Phường Tân Mai,14/10/2020, 22m2
4 triệu/tháng, Quận Ba Đình, Phường Cống Vị,14/10/2020, 39m2
2.8 triệu/tháng, Quận Thanh Xuân, Phường Thanh Xuân Nam,14/10/2020, 25m2
5.5 triệu/tháng, Quận Tây Hồ, Phường Nhật Tân,12/10/2020, 30m2
2 triệu/tháng, Quận Đống Đa, Phường Ngã Tư Sở,09/10/2020, 19m2
2.2 triệu/tháng, Quận Hoàn Kiếm, Phường Hàng Gai,28/09/2020, 20m2
2 triệu/tháng, Quận Hoàng Mai, Phường Tân Mai,27/09/2020, 14m2
1.5 triệu/tháng, Quận Hà Đông, Phường Văn Quán,27/09/2020, 20m2
1 triệu/tháng, Quận Bắc Từ Liêm, Phường Đông Ngạc,27/09/2020, 16m2
2.5 triệu/tháng, Quận Thanh Xuân, Phường Kim Giang,26/09/2020, 30m2
7.5 triệu/tháng, Quận Đống Đa,Địa chỉ: Phường Ô Chợ Dừa,26/09/2020, 35m2
1 triệu/tháng, Quận Đống Đa, Phường Ô Chợ Dừa,26/09/2020, 30m2
5 triệu/tháng, Quận Cầu Giấy, Phường Trung Hòa,26/09/2020, 35m2
4 triệu/tháng, Quận Nam Từ Liêm, Phường Mỹ Đình 1,26/09/2020, 30m2
4 triệu/tháng, Quận Cầu Giấy, Phường Trung Hòa,26/09/2020, 25m2
1.6 triệu/tháng, Quận Thanh Xuân, Phường Nhân Chính,24/09/2020, 10m2
3.8 triệu/tháng, Quận Cầu Giấy, Phường Yên Hòa,24/09/2020, 30m2
1.3 triệu/tháng, Quận Hoàng Mai, Phường Mai Động,23/09/2020, 10m2
3 triệu/tháng, Quận Thanh Xuân, Phường Khương Trung,19/09/2020, 22m2
2.2 triệu/tháng, Quận Thanh Xuân, Phường Khương Trung,18/09/2020, 15m2
3.3 triệu/tháng, Quận Hai Bà Trưng, Phường Quỳnh Mai,18/09/2020, 35m2
1.2 triệu/tháng, Quận Hoàng Mai, Phường Hoàng Văn Thụ,18/09/2020, 50m2
1 triệu/tháng, Quận Long Biên,Địa chỉ: Phường Phúc Lợi,17/09/2020, 18m2
2.3 triệu/tháng, Quận Cầu Giấy, Phường Nghĩa Đô,16/09/2020, 17m2
2.9 triệu/tháng, Quận Thanh Xuân, Phường Thanh Xuân Bắc,15/09/2020, 28m2
3.3 triệu/tháng, Quận Hoàng Mai,Địa chỉ: Phường Định Công,14/09/2020, 35m2
3.2 triệu/tháng, Quận Tây Hồ, Phường Quảng An,13/09/2020, 17m2
2.8 triệu/tháng, Quận Hà Đông,Địa chỉ: Phường Văn Quán,13/09/2020, 30m2
1.85 triệu/tháng, Quận Thanh Xuân,Địa chỉ: Đường Phùng Khoang,09/09/2020, 10m2
700.000 đồng/tháng, Huyện Hoài Đức, Thôn Dền Đường Quốc lộ 32,09/09/2020, 15m2
3.5 triệu/tháng, Quận Thanh Xuân, Phường Nhân Chính,09/09/2020, 40m2
2.5 triệu/tháng, Quận Tây Hồ, Phường Nhật Tân,09/09/2020, 27m2
3.3 triệu/tháng, Quận Tây Hồ, Phường Nhật Tân,09/09/2020, 30m2
2 triệu/tháng, Huyện Thanh Trì, Xã Thanh Liệt,08/09/2020, 20m2
2.3 triệu/tháng, Quận Đống Đa, Phường Văn Chương,08/09/2020, 40m2
2.3 triệu/tháng, Quận Cầu Giấy, Phường Quan Hoa,07/09/2020, 20m2
3.2 triệu/tháng, Quận Ba Đình,Địa chỉ: Phường Ngọc Hà,07/09/2020, 35m2
1.2 triệu/tháng, Quận Hoàng Mai, Phường Thanh Trì,06/09/2020, 15m2
2.4 triệu/tháng, Quận Đống Đa, Phường Phương Liên,06/09/2020, 25m2
1.5 triệu/tháng, Quận Bắc Từ Liêm, Phường Cổ Nhuế 1,31/08/2020, 10m2
1.2 triệu/tháng, Quận Hoàng Mai, Phường Hoàng Văn Thụ,31/08/2020, 48m2
2 triệu/tháng, Quận Đống Đa, Phường Trung Liệt,31/08/2020, 15m2
1.6 triệu/tháng, Quận Hai Bà Trưng, Phường Đồng Tâm,31/08/2020, 16m2
2 triệu/tháng, Quận Đống Đa, Phường Láng Thượng,29/08/2020, 0m2
1.7 triệu/tháng, Quận Hoàng Mai, Phường Giáp Bát,28/08/2020, 18m2
2.6 triệu/tháng, Quận Bắc Từ Liêm, Phường Phúc Diễn,28/08/2020, 25m2
1.4 triệu/tháng, Quận Long Biên, Phường Ngọc Thụy,28/08/2020, 20m2
3 triệu/tháng, Quận Hoàng Mai, Phường Vĩnh Hưng,27/08/2020, 25m2
3 triệu/tháng, Quận Thanh Xuân, Phường Khương Trung,27/08/2020, 32m2
2.5 triệu/tháng, Quận Hà Đông, Phường Dương Nội,27/08/2020, 25m2
2.8 triệu/tháng, Quận Hoàng Mai, Phường Hoàng Văn Thụ,27/08/2020, 21m2
2.5 triệu/tháng, Quận Cầu Giấy, Phường Nghĩa Đô,26/08/2020, 20m2
2 triệu/tháng, Quận Hai Bà Trưng, Phường Thanh Lương,26/08/2020, 15m2
1.8 triệu/tháng, Quận Cầu Giấy,Địa chỉ: Phường Dịch Vọng,26/08/2020, 20m2
2.2 triệu/tháng, Quận Đống Đa, Phường Hàng Bột,25/08/2020, 15m2
2.8 triệu/tháng, Quận Thanh Xuân, Phường Hạ Đình,25/08/2020, 20m2
2.5 triệu/tháng, Huyện Hoài Đức,Địa chỉ: Xã An Khánh,24/08/2020, 20m2
7 triệu/tháng, Quận Hoàng Mai, Phường Hoàng Liệt,24/08/2020, 70m2
5 triệu/tháng, Quận Thanh Xuân, Phường Thanh Xuân Trung,24/08/2020, 30m2
1.2 triệu/tháng, Quận Đống Đa, Phường Trung Phụng,24/08/2020, 9m2
3 triệu/tháng, Quận Cầu Giấy, Phường Yên Hòa,23/08/2020, 30m2
1.2 triệu/tháng, Quận Hà Đông, Phường Kiến Hưng,23/08/2020, 12m2
4 triệu/tháng, Quận Nam Từ Liêm, Phường Mễ Trì,17/08/2020, 25m2
2.5 triệu/tháng, Quận Thanh Xuân, Phường Khương Trung,17/08/2020, 25m2
3.5 triệu/tháng, Quận Tây Hồ, Phường Quảng An,16/08/2020, 15m2
1.5 triệu/tháng, Quận Bắc Từ Liêm, Phường Cổ Nhuế 2,16/08/2020, 20m2
2.5 triệu/tháng, Quận Cầu Giấy, Phường Trung Hòa,16/08/2020, 30m2
1 triệu/tháng, Quận Hoàng Mai, Phường Hoàng Văn Thụ,14/08/2020, 50m2
2.5 triệu/tháng, Quận Hai Bà Trưng, Phường Bạch Mai,14/08/2020, 15m2
2.5 triệu/tháng, Quận Nam Từ Liêm, Phường Mỹ Đình 1,14/08/2020, 30m2
800.000 đồng/tháng, Quận Ba Đình,Địa chỉ: Phường Cống Vị,14/08/2020, 20m2
3.6 triệu/tháng, Quận Hà Đông, Phường Phúc La,14/08/2020, 20m2
2 triệu/tháng, Quận Nam Từ Liêm, Phường Đại Mỗ,14/08/2020, 25m2
1.8 triệu/tháng, Quận Hà Đông,Địa chỉ: Đường Cầu Bươu,14/08/2020, 28m2
2.8 triệu/tháng, Quận Long Biên, Phường Việt Hưng,13/08/2020, 45m2
3.5 triệu/tháng, Quận Hai Bà Trưng, Phường Trương Định,10/08/2020, 40m2
4.5 triệu/tháng, Quận Thanh Xuân, Phường Thanh Xuân Nam,10/08/2020, 35m2
2.3 triệu/tháng, Quận Hoàng Mai, Phường Mai Động,09/08/2020, 30m2
1.4 triệu/tháng, Quận Thanh Xuân, Phường Khương Trung,08/08/2020, 12m2
2 triệu/tháng, Quận Hoàng Mai, Phường Yên Sở,08/08/2020, 15m2
2.8 triệu/tháng, Quận Hà Đông, Phường Văn Quán,08/08/2020, 30m2
3 triệu/tháng, Quận Hoàng Mai, Phường Hoàng Văn Thụ,05/08/2020, 24m2
2.5 triệu/tháng, Quận Ba Đình, Phường Kim Mã,04/08/2020, 25m2
3 triệu/tháng, Quận Đống Đa, Phường Ô Chợ Dừa,04/08/2020, 25m2
1.7 triệu/tháng, Quận Hoàng Mai, Phường Thanh Trì,03/08/2020, 15m2
2.5 triệu/tháng, Quận Bắc Từ Liêm, Phường Cổ Nhuế 2,03/08/2020, 15m2
1.8 triệu/tháng, Quận Hà Đông, Phường La Khê,03/08/2020, 33m2
2.2 triệu/tháng, Quận Nam Từ Liêm,Địa chỉ: Phường Trung Văn,30/07/2020, 18m2
2.2 triệu/tháng, Quận Cầu Giấy, Phường Dịch Vọng Hậu,29/07/2020, 25m2
2.5 triệu/tháng, Quận Thanh Xuân, Phường Thanh Xuân Bắc,25/07/2020, 150m2
1 triệu/tháng, Quận Đống Đa,Địa chỉ: Phố Nguyễn Phúc Lai,25/07/2020, 50m2
3.5 triệu/tháng, Quận Long Biên, Phường Việt Hưng,09/07/2020, 35m2
1.5 triệu/tháng, Quận Cầu Giấy, Phường Yên Hòa,09/07/2020, 120m2
2.7 triệu/tháng, Quận Cầu Giấy, Phường Dịch Vọng Hậu,09/07/2020, 25m2
1.5 triệu/tháng, Quận Cầu Giấy, Phường Quan Hoa,09/07/2020, 25m2
2.9 triệu/tháng, Quận Nam Từ Liêm, Phường Mễ Trì,09/07/2020, 23m2
2.2 triệu/tháng, Huyện Thanh Trì, Xã Tân Triều,03/07/2020, 14m2
2.5 triệu/tháng, Quận Cầu Giấy, Phường Trung Hòa,03/07/2020, 30m2
2 triệu/tháng, Quận Hai Bà Trưng, Phường Bách Khoa,03/07/2020, 18m2
3 triệu/tháng, Quận Cầu Giấy, Phường Mai Dịch,02/07/2020, 35m2
2.9 triệu/tháng, Quận Đống Đa, Phường Láng Thượng,01/07/2020, 21m2
2.5 triệu/tháng, Quận Thanh Xuân, Phường Thượng Đình,01/07/2020, 20m2
2.7 triệu/tháng, Quận Hai Bà Trưng, Phường Minh Khai,01/07/2020, 18m2
2.3 triệu/tháng, Quận Bắc Từ Liêm, Phường Cổ Nhuế 1,30/06/2020, 30m2
2.8 triệu/tháng, Quận Đống Đa, Phường Láng Thượng,30/06/2020, 20m2
3.8 triệu/tháng, Quận Đống Đa, Phường Khâm Thiên,30/06/2020, 25m2
2.6 triệu/tháng, Quận Đống Đa, Phường Phương Mai,25/06/2020, 22m2
4.5 triệu/tháng, Quận Thanh Xuân, Phường Khương Trung,24/06/2020, 32m2
600.000 đồng/tháng, Quận Hà Đông,Địa chỉ: Phường Yên Nghĩa,24/06/2020, 13m2
2.3 triệu/tháng, Quận Cầu Giấy, Phường Mai Dịch,24/06/2020, 17m2
1.5 triệu/tháng, Quận Bắc Từ Liêm, Phường Thụy Phương,23/06/2020, 30m2
2 triệu/tháng, Quận Ba Đình, Phường Giảng Võ,23/06/2020, 16m2
4.2 triệu/tháng, Quận Cầu Giấy, Phường Nghĩa Đô,22/06/2020, 30m2
4 triệu/tháng, Quận Hai Bà Trưng, Phường Vĩnh Tuy,21/06/2020, 70m2
2.5 triệu/tháng, Quận Thanh Xuân, Phường Thượng Đình,21/06/2020, 30m2
1 triệu/tháng, Quận Hoàng Mai, Phường Vĩnh Hưng,21/06/2020, 15m2
2.5 triệu/tháng, Quận Hoàng Mai, Phường Đại Kim,21/06/2020, 20m2
1.7 triệu/tháng, Quận Hoàng Mai,Địa chỉ: Đường Giáp Nhị,21/06/2020, 22m2
3.9 triệu/tháng, Quận Bắc Từ Liêm, Phường Xuân Đỉnh,20/06/2020, 40m2
2.5 triệu/tháng, Quận Nam Từ Liêm,Địa chỉ: Phường Mỹ Đình 2,20/06/2020, 65m2
3 triệu/tháng, Quận Hoàn Kiếm, Phường Lý Thái Tổ,20/06/2020, 21m2
2 triệu/tháng, Huyện Đông Anh,Địa chỉ: Xã Vĩnh Ngọc,19/06/2020, 40m2
4.3 triệu/tháng, Quận Ba Đình, Phường Liễu Giai,19/06/2020, 36m2
1.45 triệu/tháng, Quận Thanh Xuân, Phường Nhân Chính,18/06/2020, 25m2
2.7 triệu/tháng, Quận Đống Đa, Phường Khương Thượng,17/06/2020, 25m2
1 triệu/tháng, Quận Hà Đông, Phường Văn Quán,17/06/2020, 25m2
1.4 triệu/tháng, Quận Đống Đa, Phường Khương Thượng,16/06/2020, 25m2
2.5 triệu/tháng, Quận Hoàng Mai, Phường Giáp Bát,16/06/2020, 30m2
1.6 triệu/tháng, Quận Thanh Xuân, Phường Khương Đình,10/06/2020, 20m2
2.2 triệu/tháng, Quận Hà Đông, Phường Văn Quán,10/06/2020, 40m2
2 triệu/tháng, Quận Tây Hồ, Phường Bưởi,09/06/2020, 15m2
1.5 triệu/tháng, Quận Ba Đình, Phường Vĩnh Phúc,09/06/2020, 13m2
2.5 triệu/tháng, Quận Đống Đa, Phường Trung Liệt,08/06/2020, 16m2
2.2 triệu/tháng, Quận Thanh Xuân, Phường Hạ Đình,08/06/2020, 15m2
4.8 triệu/tháng, Quận Cầu Giấy, Phường Trung Hòa,08/06/2020, 28m2
2 triệu/tháng, Quận Đống Đa, Phường Láng Thượng,08/06/2020, 20m2
2.5 triệu/tháng, Quận Ba Đình, Phường Kim Mã,08/06/2020, 20m2
3 triệu/tháng, Quận Tây Hồ, Phường Yên Phụ,07/06/2020, 30m2
2.3 triệu/tháng, Quận Thanh Xuân, Phường Khương Trung,05/06/2020, 22m2
1.3 triệu/tháng, Quận Nam Từ Liêm,Địa chỉ: Phường Mỹ Đình 1,05/06/2020, 13m2
3.5 triệu/tháng, Quận Hai Bà Trưng, Phường Minh Khai,04/06/2020, 30m2
2.3 triệu/tháng, Quận Đống Đa, Phường Trung Phụng,04/06/2020, 15m2
2 triệu/tháng, Quận Long Biên, Phường Phúc Đồng,04/06/2020, 24m2
2.5 triệu/tháng, Quận Đống Đa,Địa chỉ: Phường Thổ Quan,03/06/2020, 20m2
4.2 triệu/tháng, Quận Nam Từ Liêm, Phường Mễ Trì,03/06/2020, 30m2
2.1 triệu/tháng, Quận Đống Đa, Phường Láng Thượng,02/06/2020, 15m2
2.2 triệu/tháng, Quận Tây Hồ, Phường Tứ Liên,02/06/2020, 18m2
3.3 triệu/tháng, Huyện Thanh Trì, Xã Thanh Liệt,02/06/2020, 30m2
6.5 triệu/tháng, Quận Hà Đông, Phường La Khê,01/06/2020, 99m2
7 triệu/tháng, Quận Cầu Giấy, Phường Trung Hòa,01/06/2020, 45m2
4 triệu/tháng, Quận Thanh Xuân, Phường Thanh Xuân Nam,31/05/2020, 45m2
3 triệu/tháng, Quận Tây Hồ, Phường Tứ Liên,31/05/2020, 20m2
1.7 triệu/tháng, Quận Thanh Xuân, Phường Khương Đình,31/05/2020, 14m2
3 triệu/tháng, Quận Đống Đa, Phường Quang Trung,30/05/2020, 35m2
2 triệu/tháng, Quận Nam Từ Liêm,Địa chỉ: Phường Mỹ Đình 1,30/05/2020, 20m2
2.6 triệu/tháng, Quận Nam Từ Liêm, Phường Phú Đô,29/05/2020, 26m2
2.6 triệu/tháng, Quận Hà Đông, Phường Quang Trung,29/05/2020, 45m2
1.8 triệu/tháng, Quận Hà Đông, Phường Phúc La,28/05/2020, 18m2
6 triệu/tháng, Quận Nam Từ Liêm, Phường Phú Đô,28/05/2020, 30m2
2.5 triệu/tháng, Quận Đống Đa, Phường Khâm Thiên,25/05/2020, 20m2
2.6 triệu/tháng, Quận Hoàng Mai, Phường Hoàng Văn Thụ,25/05/2020, 25m2
3 triệu/tháng, Quận Đống Đa, Phường Khương Thượng,23/05/2020, 30m2
5.6 triệu/tháng, Quận Thanh Xuân, Phường Phương Liệt,23/05/2020, 60m2
1.7 triệu/tháng, Huyện Đan Phượng,Địa chỉ: Phố Phùng Hưng,23/05/2020, 24m2
3 triệu/tháng, Quận Cầu Giấy, Phường Yên Hòa,23/05/2020, 40m2
2.9 triệu/tháng, Huyện Thanh Trì, Xã Tân Triều,23/05/2020, 30m2
3 triệu/tháng, Quận Nam Từ Liêm,Địa chỉ: Phường Trung Văn,23/05/2020, 20m2
3 triệu/tháng, Quận Ba Đình, Phường Liễu Giai,23/05/2020, 40m2
3 triệu/tháng, Quận Hoàng Mai, Phường Thịnh Liệt,23/05/2020, 45m2
1.2 triệu/tháng, Quận Hai Bà Trưng, Phường Minh Khai,23/05/2020, 20m2
4 triệu/tháng, Quận Ba Đình, Phường Kim Mã,23/05/2020, 40m2
2.4 triệu/tháng, Quận Bắc Từ Liêm, Phường Phú Diễn,23/05/2020, 30m2
3.5 triệu/tháng, Quận Thanh Xuân, Phường Nhân Chính,22/05/2020, 25m2
700.000 đồng/tháng, Quận Hoàng Mai, Phường Lĩnh Nam,21/05/2020, 12m2
3.5 triệu/tháng, Quận Cầu Giấy, Phường Yên Hòa,20/05/2020, 25m2
3 triệu/tháng, Quận Long Biên, Phường Long Biên,20/05/2020, 50m2
6.5 triệu/tháng, Quận Hà Đông, Phường Mỗ Lao,20/05/2020, 70m2
5 triệu/tháng, Quận Thanh Xuân, Phường Kim Giang,20/05/2020, 50m2
2.3 triệu/tháng, Quận Hoàng Mai, Phường Giáp Bát,19/05/2020, 20m2
5.6 triệu/tháng, Quận Nam Từ Liêm, Phường Mễ Trì,19/05/2020, 35m2
2.6 triệu/tháng, Quận Cầu Giấy, Phường Mai Dịch,19/05/2020, 25m2
2.5 triệu/tháng, Quận Cầu Giấy, Phường Dịch Vọng,19/05/2020, 25m2
4 triệu/tháng, Quận Hoàng Mai,Địa chỉ: Phường Giáp Bát,18/05/2020, 40m2
3 triệu/tháng, Quận Đống Đa, Phường Phương Mai,18/05/2020, 22m2
3.5 triệu/tháng, Quận Thanh Xuân, Phường Nhân Chính,18/05/2020, 25m2
2.8 triệu/tháng, Quận Nam Từ Liêm, Phường Trung Văn,18/05/2020, 25m2
1.5 triệu/tháng, Quận Hoàng Mai, Phường Đại Kim,17/05/2020, 12m2
3 triệu/tháng, Quận Đống Đa, Phường Láng Thượng,15/05/2020, 6m2
1.9 triệu/tháng, Quận Bắc Từ Liêm, Phường Cổ Nhuế 1,15/05/2020, 20m2
2 triệu/tháng, Quận Thanh Xuân,Địa chỉ: Phố Cự Lộc,15/05/2020, 18m2
2.8 triệu/tháng, Quận Cầu Giấy, Phường Yên Hòa,15/05/2020, 17m2
1.2 triệu/tháng, Huyện Đông Anh, Xã Việt Hùng,12/05/2020, 35m2
2.8 triệu/tháng, Quận Nam Từ Liêm, Phường Mễ Trì,12/05/2020, 25m2
3 triệu/tháng, Quận Đống Đa, Phường Trung Phụng,12/05/2020, 50m2
